{"stat.craftItem.poppiecraft.Carboningot":2,"stat.walkOneCm":3056,"stat.useItem.poppiecraft.Compressedironblock":1,"stat.drop":4,"stat.jump":3,"stat.craftItem.poppiecraft.Molteniron":6,"stat.playOneMinute":2903,"achievement.openInventory":9,"stat.craftItem.poppiecraft.Compressediron":1,"stat.craftItem.poppiecraft.Compressedironblock":1,"stat.leaveGame":1,"stat.sneakTime":29,"stat.drop.poppiecraft.Compressediron":3,"stat.furnaceInteraction":7,"stat.pickup.poppiecraft.Compressediron":2,"stat.drop.poppiecraft.Molteniron":1,"stat.timeSinceDeath":2903,"stat.pickup.poppiecraft.Compressedironblock":1,"stat.sprintOneCm":1712,"achievement.exploreAllBiomes":{"value":0,"progress":["Desert"]},"stat.pickup.poppiecraft.Molteniron":4,"stat.craftingTableInteraction":3}