{"stat.walkOneCm":13166,"stat.leaveGame":2,"stat.pickup.poppiecraft.Speed_fragment":1,"stat.pickup.minecraft.wooden_sword":2,"stat.pickup.poppiecraft.Speedster_flesh":2,"stat.pickup.poppiecraft.Emerald_sword":2,"stat.jump":60,"stat.pickup.minecraft.porkchop":9,"stat.pickup.minecraft.chicken":3,"stat.sprintOneCm":5610,"achievement.exploreAllBiomes":{"value":0,"progress":["Desert"]},"stat.entityKilledBy.poppiecraft.Speedster":1,"achievement.openInventory":9,"stat.killEntity.Chicken":1,"stat.pickup.minecraft.feather":3,"stat.damageTaken":640,"stat.useItem.poppiecraft.Emerald_sword":9,"stat.mobKills":3,"stat.pickup.minecraft.spawn_egg":249,"stat.pickup.poppiecraft.Basic_soul":1,"stat.flyOneCm":9473,"stat.deaths":2,"stat.playOneMinute":4132,"stat.useItem.minecraft.wooden_sword":5,"stat.sneakTime":8,"stat.damageDealt":960,"stat.killEntity.poppiecraft.Speedster":1,"stat.timeSinceDeath":1234,"stat.useItem.minecraft.spawn_egg":3,"stat.killEntity.Pig":1}