{"stat.walkOneCm":3884,"achievement.openInventory":4,"stat.leaveGame":1,"stat.pickup.minecraft.diamond_helmet":1,"stat.damageTaken":590,"stat.pickup.minecraft.diamond_chestplate":1,"stat.pickup.minecraft.diamond_boots":1,"stat.pickup.minecraft.diamond_leggings":1,"stat.pickup.minecraft.iron_leggings":2,"stat.flyOneCm":11521,"stat.deaths":2,"stat.jump":27,"stat.playOneMinute":3833,"stat.pickup.minecraft.iron_helmet":2,"stat.fallOneCm":418,"stat.sneakTime":51,"stat.craftItem.poppiecraft.Broken_basic_spirit_power":1,"stat.damageDealt":40,"stat.crouchOneCm":401,"stat.timeSinceDeath":281,"stat.sprintOneCm":2154,"stat.pickup.minecraft.iron_chestplate":2,"achievement.exploreAllBiomes":{"value":0,"progress":["Desert"]},"stat.pickup.minecraft.iron_boots":2,"stat.craftingTableInteraction":1,"stat.entityKilledBy.poppiecraft.Speedster":2}