{"stat.walkOneCm":5562,"stat.useItem.minecraft.lever":2,"achievement.openInventory":7,"stat.useItem.minecraft.stone":1,"stat.leaveGame":4,"stat.mobKills":1,"stat.useItem.minecraft.diamond_sword":29,"stat.pickup.minecraft.lever":2,"stat.flyOneCm":1130,"stat.jump":5,"stat.playOneMinute":6208,"stat.sneakTime":96,"stat.damageDealt":2020,"stat.crouchOneCm":52,"stat.killEntity.poppiecraft.Speedster":1,"stat.timeSinceDeath":6208,"stat.mineBlock.minecraft.lever":2,"stat.sprintOneCm":3642,"achievement.exploreAllBiomes":{"value":0,"progress":["Desert"]}}