{"stat.pickup.minecraft.rotten_flesh":5,"stat.pickup.minecraft.spawn_egg":1,"stat.pickup.minecraft.iron_leggings":1,"stat.flyOneCm":785,"stat.pickup.minecraft.diamond_sword":2,"stat.walkOneCm":313,"stat.jump":1,"stat.pickup.minecraft.command_block":1,"stat.playOneMinute":417,"stat.pickup.minecraft.iron_helmet":1,"stat.pickup.minecraft.stone_button":1,"stat.pickup.minecraft.torch":1,"stat.sneakTime":10,"stat.damageDealt":60,"stat.pickup.minecraft.stone":1,"stat.crouchOneCm":2,"stat.pickup.minecraft.item_frame":1,"stat.timeSinceDeath":417,"stat.pickup.poppiecraft.Speed_fragment":4,"stat.sprintOneCm":376,"achievement.exploreAllBiomes":{"value":0,"progress":["Desert"]},"stat.pickup.minecraft.iron_boots":1,"stat.pickup.poppiecraft.Emerald_sword":1}