{"stat.pickup.minecraft.spawn_egg":1,"stat.pickup.minecraft.rotten_flesh":5,"stat.pickup.minecraft.iron_leggings":1,"stat.flyOneCm":168,"stat.pickup.minecraft.diamond_sword":1,"stat.walkOneCm":840,"stat.useItem.poppiecraft.Generator_block_advanced":1,"stat.jump":1,"stat.pickup.minecraft.command_block":1,"stat.playOneMinute":777,"stat.pickup.minecraft.iron_helmet":1,"stat.pickup.minecraft.stone_button":1,"stat.pickup.minecraft.torch":1,"stat.leaveGame":2,"stat.sneakTime":10,"stat.damageDealt":10,"stat.crouchOneCm":21,"stat.pickup.minecraft.item_frame":1,"stat.timeSinceDeath":777,"stat.pickup.poppiecraft.Speed_fragment":4,"achievement.exploreAllBiomes":{"value":0,"progress":["Desert"]},"stat.pickup.poppiecraft.Emerald_sword":1}