{"stat.walkOneCm":1662,"achievement.openInventory":12,"stat.leaveGame":2,"stat.brewingstandInteraction":1,"stat.furnaceInteraction":2,"stat.flyOneCm":1520,"stat.drop":4,"stat.jump":5,"stat.playOneMinute":4850,"stat.useItem.minecraft.cooked_beef":1,"stat.useItem.minecraft.milk_bucket":2,"stat.drop.minecraft.bucket":4,"stat.timeSinceDeath":4850,"stat.sprintOneCm":2880,"stat.craftItem.poppiecraft.Obsidian_gem":56,"achievement.exploreAllBiomes":{"value":0,"progress":["Desert"]},"stat.craftingTableInteraction":1}