{"stat.pickup.minecraft.rotten_flesh":2,"stat.flyOneCm":7624,"stat.deaths":1,"stat.walkOneCm":14761,"stat.jump":30,"stat.playOneMinute":2562,"achievement.openInventory":1,"stat.useItem.minecraft.milk_bucket":1,"stat.leaveGame":1,"stat.damageTaken":735,"stat.pickup.poppiecraft.Jump_fragment":1,"stat.damageDealt":1627,"stat.pickup.minecraft.bucket":1,"stat.timeSinceDeath":62,"stat.pickup.poppiecraft.Darker_flesh":4,"stat.sprintOneCm":9580,"stat.mobKills":1,"stat.useItem.poppiecraft.Darker_flesh":2,"achievement.exploreAllBiomes":{"value":0,"progress":["Desert"]},"stat.useItem.minecraft.diamond_sword":12,"stat.pickup.poppiecraft.Darkness_fragment":2,"stat.pickup.poppiecraft.Jumper_flesh":2}