{"stat.flyOneCm":10644,"stat.pickup.poppiecraft.Basic_soul":24,"stat.walkOneCm":6275,"stat.jump":34,"stat.playOneMinute":1960,"achievement.openInventory":2,"stat.useItem.minecraft.wooden_sword":1,"stat.killEntity.Chicken":1,"stat.leaveGame":1,"stat.damageTaken":135,"stat.pickup.minecraft.feather":1,"stat.pickup.minecraft.porkchop":8,"stat.damageDealt":140,"stat.pickup.minecraft.chicken":1,"stat.timeSinceDeath":1960,"stat.useItem.poppiecraft.Emerald_sword":2,"stat.sprintOneCm":5360,"stat.mobKills":2,"stat.useItem.minecraft.spawn_egg":2,"stat.killEntity.Pig":1,"achievement.exploreAllBiomes":{"value":0,"progress":["Desert"]}}