{"stat.pickup.poppiecraft.Emerald_helmet":2,"stat.walkOneCm":19996,"stat.pickup.minecraft.milk_bucket":3,"achievement.openInventory":5,"stat.leaveGame":1,"stat.damageTaken":2150,"stat.pickup.poppiecraft.Speed_fragment":1,"stat.mobKills":2,"stat.useItem.poppiecraft.Darker_flesh":2,"stat.useItem.minecraft.diamond_sword":8,"stat.pickup.poppiecraft.Speedster_flesh":2,"stat.pickup.minecraft.spawn_egg":1,"stat.flyOneCm":22508,"stat.pickup.poppiecraft.Emerald_chestplate":1,"stat.deaths":5,"stat.pickup.minecraft.diamond_sword":3,"stat.jump":62,"stat.playOneMinute":4148,"stat.pickup.poppiecraft.Emerald_leggings":1,"stat.pickup.poppiecraft.Emerald_boots":1,"stat.sneakTime":17,"stat.damageDealt":1260,"stat.crouchOneCm":190,"stat.killEntity.poppiecraft.Speedster":1,"stat.timeSinceDeath":1492,"stat.pickup.poppiecraft.Darker_flesh":182,"stat.sprintOneCm":10124,"achievement.exploreAllBiomes":{"value":0,"progress":["Desert"]},"stat.entityKilledBy.poppiecraft.Speedster":4}