{"stat.flyOneCm":16797,"stat.walkOneCm":6417,"stat.jump":8,"stat.playOneMinute":3270,"achievement.openInventory":2,"stat.fallOneCm":3570,"stat.leaveGame":1,"stat.sneakTime":70,"stat.damageTaken":105,"stat.pickup.poppiecraft.Jump_fragment":1,"stat.damageDealt":1638,"stat.crouchOneCm":9,"stat.killEntity.poppiecraft.Speedster":1,"stat.timeSinceDeath":3270,"stat.pickup.poppiecraft.Speed_fragment":1,"stat.sprintOneCm":3013,"stat.mobKills":2,"achievement.exploreAllBiomes":{"value":0,"progress":["Desert"]},"stat.useItem.minecraft.diamond_sword":20,"stat.pickup.poppiecraft.Speedster_flesh":2,"stat.pickup.poppiecraft.Jumper_flesh":2}