{"stat.walkOneCm":1538,"stat.drop":4,"stat.jump":5,"stat.drop.poppiecraft.Emerald_pickaxe":1,"stat.playOneMinute":2071,"achievement.openInventory":7,"stat.drop.poppiecraft.Emerald_sword":1,"stat.drop.minecraft.wooden_pickaxe":1,"stat.leaveGame":1,"stat.drop.minecraft.wooden_sword":1,"stat.damageDealt":400,"stat.timeSinceDeath":2071,"stat.pickup.poppiecraft.Speed_fragment":1,"stat.useItem.poppiecraft.Emerald_sword":3,"stat.sprintOneCm":296,"stat.mobKills":1,"achievement.exploreAllBiomes":{"value":0,"progress":["Desert"]},"stat.pickup.poppiecraft.Speedster_flesh":2}