{"stat.flyOneCm":6961,"stat.walkOneCm":17865,"stat.jump":25,"stat.playOneMinute":17870,"achievement.openInventory":11,"stat.fallOneCm":418,"stat.useItem.minecraft.milk_bucket":1,"stat.leaveGame":1,"stat.damageTaken":90,"stat.damageDealt":198,"stat.killEntity.Zombie":1,"stat.timeSinceDeath":17870,"stat.sprintOneCm":4984,"stat.mobKills":1,"stat.useItem.minecraft.spawn_egg":1,"stat.useItem.poppiecraft.Darker_flesh":2,"achievement.exploreAllBiomes":{"value":0,"progress":["Desert"]},"stat.useItem.minecraft.diamond_sword":3}