{"stat.pickup.poppiecraft.Redstone_boots":1,"stat.walkOneCm":19845,"stat.pickup.poppiecraft.Redstone_gem":2,"stat.leaveGame":3,"stat.furnaceInteraction":1,"stat.pickup.poppiecraft.Emerald_sword":1,"stat.useItem.minecraft.rotten_flesh":5,"stat.jump":17,"stat.fallOneCm":209,"stat.crouchOneCm":20,"stat.sprintOneCm":10255,"achievement.exploreAllBiomes":{"value":0,"progress":["Desert"]},"stat.craftingTableInteraction":2,"stat.pickup.minecraft.rotten_flesh":6,"stat.pickup.poppiecraft.Redstone_chestplate":3,"achievement.openInventory":26,"stat.damageTaken":259,"stat.useItem.poppiecraft.Emerald_sword":13,"stat.mobKills":5,"stat.useItem.minecraft.anvil":1,"stat.flyOneCm":3669,"stat.playOneMinute":7352,"stat.craftItem.poppiecraft.Redstone_chestplate":2,"stat.sneakTime":47,"stat.damageDealt":852,"stat.killEntity.Zombie":4,"stat.timeSinceDeath":7352}