{"stat.pickup.minecraft.string":2,"stat.flyOneCm":2204,"stat.walkOneCm":1543,"stat.jump":8,"stat.playOneMinute":1017,"achievement.openInventory":1,"stat.pickup.poppiecraft.Advanced_soul":2,"stat.leaveGame":1,"stat.killEntity.Spider":1,"stat.damageDealt":357,"stat.timeSinceDeath":1017,"stat.pickup.minecraft.spider_eye":1,"stat.useItem.poppiecraft.Emerald_sword":4,"stat.sprintOneCm":621,"stat.mobKills":1,"stat.useItem.minecraft.spawn_egg":1,"achievement.exploreAllBiomes":{"value":0,"progress":["Desert"]},"stat.useItem.poppiecraft.Generator_block_basic":3}