{"stat.pickup.poppiecraft.Emerald_helmet":1,"stat.walkOneCm":5103,"stat.useItem.minecraft.lever":3,"achievement.openInventory":2,"stat.leaveGame":3,"stat.damageTaken":378,"stat.pickup.minecraft.lever":6,"stat.flyOneCm":5756,"stat.deaths":1,"stat.pickup.minecraft.quartz_block":8,"stat.jump":19,"stat.playOneMinute":4363,"stat.fallOneCm":418,"stat.useItem.minecraft.cooked_beef":1,"stat.sneakTime":11,"stat.crouchOneCm":103,"stat.timeSinceDeath":0,"stat.mineBlock.minecraft.lever":1,"stat.sprintOneCm":5390,"achievement.exploreAllBiomes":{"value":0,"progress":["Desert"]},"stat.entityKilledBy.poppiecraft.Speedster":1}