{"stat.pickup.poppiecraft.Emerald_helmet":1,"stat.pickup.poppiecraft.Emerald_chestplate":1,"stat.flyOneCm":12582,"stat.killEntity.Skeleton":1,"stat.walkOneCm":1010,"stat.jump":10,"stat.playOneMinute":2812,"achievement.openInventory":4,"stat.pickup.poppiecraft.Emerald_leggings":1,"stat.leaveGame":1,"stat.pickup.poppiecraft.Emerald_boots":1,"stat.sneakTime":331,"stat.pickup.poppiecraft.Emerald_pickaxe":1,"stat.damageTaken":2,"stat.damageDealt":30,"stat.crouchOneCm":127,"stat.timeSinceDeath":2812,"stat.useItem.poppiecraft.Emerald_sword":1,"stat.sprintOneCm":2026,"stat.mobKills":1,"achievement.exploreAllBiomes":{"value":0,"progress":["Desert"]},"stat.pickup.poppiecraft.Emerald_sword":1}