{"stat.flyOneCm":3977,"stat.pickup.minecraft.barrier":64,"stat.deaths":1,"stat.walkOneCm":3493,"stat.jump":9,"stat.playOneMinute":982,"stat.leaveGame":1,"stat.damageTaken":152,"stat.damageDealt":1823,"stat.pickup.minecraft.chicken":1,"stat.killEntity.poppiecraft.Speedster":1,"stat.timeSinceDeath":31,"stat.pickup.poppiecraft.Speed_fragment":2,"stat.useItem.poppiecraft.Emerald_sword":13,"stat.sprintOneCm":2380,"stat.mobKills":1,"achievement.exploreAllBiomes":{"value":0,"progress":["Desert"]},"stat.pickup.poppiecraft.Speedster_flesh":2,"stat.pickup.poppiecraft.Emerald_sword":1}