{"stat.flyOneCm":5852,"stat.walkOneCm":3273,"stat.jump":8,"stat.playOneMinute":2179,"achievement.openInventory":6,"stat.useItem.minecraft.wooden_sword":1,"stat.killEntity.Chicken":3,"stat.leaveGame":1,"stat.pickup.minecraft.feather":4,"stat.damageDealt":120,"stat.pickup.minecraft.chicken":3,"stat.timeSinceDeath":2179,"stat.useItem.poppiecraft.Emerald_sword":2,"stat.sprintOneCm":1695,"stat.mobKills":3,"achievement.exploreAllBiomes":{"value":0,"progress":["Desert"]},"stat.useItem.poppiecraft.Alzanite_ore":1}