{"stat.pickup.minecraft.double_plant":102,"stat.pickup.minecraft.nether_brick_fence":64,"stat.walkOneCm":5502,"achievement.openInventory":7,"stat.leaveGame":3,"stat.drop.poppiecraft.Basic_spirit_power":1,"stat.useItem.poppiecraft.Compressed_carbon_block":9,"stat.drop.poppiecraft.Loot_upgrade":64,"stat.flyOneCm":2138,"stat.pickup.poppiecraft.Basic_soul":3,"stat.pickup.minecraft.water_bucket":1,"stat.drop":6,"stat.pickup.minecraft.acacia_fence":4,"stat.pickup.minecraft.diamond":64,"stat.jump":9,"stat.playOneMinute":13442,"stat.pickup.minecraft.enchanted_book":1,"stat.useItem.minecraft.item_frame":5,"stat.sneakTime":21,"stat.pickup.poppiecraft.Basic_spirit":1,"stat.pickup.minecraft.chicken":31,"stat.crouchOneCm":39,"stat.timeSinceDeath":13442,"stat.sprintOneCm":2686,"stat.pickup.minecraft.experience_bottle":64,"stat.pickup.poppiecraft.Basic_spirit_power":1,"achievement.exploreAllBiomes":{"value":0,"progress":["Desert"]},"stat.pickup.poppiecraft.Loot_upgrade":1}