{"stat.walkOneCm":4641,"stat.leaveGame":2,"stat.jump":27,"stat.pickup.minecraft.iron_helmet":2,"stat.fallOneCm":418,"stat.craftItem.poppiecraft.Broken_basic_spirit_power":1,"stat.crouchOneCm":401,"stat.sprintOneCm":2154,"stat.pickup.minecraft.iron_chestplate":2,"achievement.exploreAllBiomes":{"value":0,"progress":["Desert"]},"stat.pickup.minecraft.iron_boots":2,"stat.craftingTableInteraction":1,"stat.entityKilledBy.poppiecraft.Speedster":2,"achievement.openInventory":4,"stat.pickup.poppiecraft.Advanced_soul":1,"stat.pickup.minecraft.diamond_helmet":1,"stat.damageTaken":590,"stat.useItem.poppiecraft.Emerald_sword":1,"stat.pickup.minecraft.diamond_chestplate":1,"stat.pickup.minecraft.diamond_boots":1,"stat.pickup.minecraft.diamond_leggings":1,"stat.pickup.minecraft.iron_leggings":2,"stat.flyOneCm":11521,"stat.deaths":2,"stat.playOneMinute":4033,"stat.sneakTime":51,"stat.damageDealt":120,"stat.timeSinceDeath":481,"stat.useItem.minecraft.spawn_egg":1}