{"stat.walkOneCm":5666,"stat.leaveGame":4,"stat.pickup.minecraft.gravel":128,"stat.killEntity.Wolf":7,"stat.pickup.poppiecraft.Speed_fragment":4,"stat.pickup.minecraft.lapis_ore":128,"stat.pickup.poppiecraft.Speedster_flesh":17,"stat.pickup.poppiecraft.Emerald_sword":1,"stat.pickup.minecraft.diamond_sword":2,"stat.jump":3,"stat.pickup.minecraft.iron_helmet":1,"stat.pickup.minecraft.enchanted_book":2,"stat.pickup.poppiecraft.Basic_spirit":2,"stat.pickup.minecraft.stone":1025,"stat.crouchOneCm":34,"stat.pickup.minecraft.dirt":128,"stat.sprintOneCm":1776,"stat.pickup.minecraft.iron_chestplate":1,"achievement.exploreAllBiomes":{"value":0,"progress":["Desert"]},"stat.pickup.minecraft.iron_boots":1,"stat.pickup.minecraft.rotten_flesh":5,"stat.pickup.minecraft.sand":384,"stat.pickup.minecraft.gold_ore":256,"stat.pickup.minecraft.command_block":1,"achievement.openInventory":10,"stat.pickup.minecraft.coal_ore":256,"stat.useItem.poppiecraft.Emerald_sword":5,"stat.mobKills":7,"stat.pickup.minecraft.planks":18,"stat.useItem.poppiecraft.Generator_block_basic":3,"stat.pickup.minecraft.spawn_egg":1,"stat.pickup.minecraft.iron_leggings":1,"stat.pickup.poppiecraft.Basic_soul":2,"stat.flyOneCm":217,"stat.playOneMinute":29057,"stat.useItem.minecraft.wooden_sword":4,"stat.pickup.minecraft.stone_button":1,"stat.pickup.minecraft.torch":1,"stat.sneakTime":13,"stat.damageDealt":1050,"stat.pickup.minecraft.item_frame":1,"stat.timeSinceDeath":29057,"stat.useItem.minecraft.spawn_egg":5,"stat.pickup.poppiecraft.Loot_upgrade":2}