{"stat.pickup.poppiecraft.Quartz_helmet":1,"stat.pickup.poppiecraft.Redstone_boots":1,"stat.walkOneCm":8111,"stat.pickup.poppiecraft.Quartz_leggings":1,"stat.pickup.poppiecraft.Redstone_chestplate":1,"achievement.openInventory":10,"stat.pickup.poppiecraft.Obsidian_chestplate":1,"stat.pickup.poppiecraft.Redstone_leggings":1,"stat.leaveGame":1,"stat.damageTaken":870,"stat.pickup.poppiecraft.Quartz_chestplate":1,"stat.pickup.poppiecraft.Lapis_leggings":1,"stat.pickup.poppiecraft.Obsidian_boots":1,"stat.pickup.poppiecraft.Glowstone_leggings":1,"stat.pickup.poppiecraft.Lapis_boots":1,"stat.pickup.poppiecraft.Glowstone_chestplate":1,"stat.flyOneCm":9190,"stat.deaths":1,"stat.jump":39,"stat.playOneMinute":3626,"stat.fallOneCm":209,"stat.useItem.minecraft.item_frame":1,"stat.useItem.minecraft.cooked_beef":5,"stat.pickup.poppiecraft.Quartz_boots":1,"stat.pickup.poppiecraft.Lapis_helmet":1,"stat.pickup.minecraft.item_frame":1,"stat.timeSinceDeath":422,"stat.pickup.poppiecraft.Glowstone_boots":2,"stat.pickup.poppiecraft.Obsidian_helmet":1,"stat.sprintOneCm":9929,"stat.pickup.poppiecraft.Obsidian_leggings":1,"achievement.exploreAllBiomes":{"value":0,"progress":["Desert"]},"stat.pickup.minecraft.cooked_beef":43,"stat.pickup.poppiecraft.Lapis_chestplate":1,"stat.pickup.poppiecraft.Redstone_helmet":1,"stat.pickup.poppiecraft.Glowstone_helmet":1}