{"stat.pickup.poppiecraft.Pironnitefragment":2,"stat.walkOneCm":2173,"stat.drop":6,"stat.drop.poppiecraft.Pironnitenugget":2,"stat.playOneMinute":1280,"achievement.openInventory":2,"stat.useItem.poppiecraft.Pironniteblock":1,"stat.leaveGame":1,"stat.sneakTime":90,"stat.drop.poppiecraft.Pironniteingot":1,"stat.crouchOneCm":18,"stat.timeSinceDeath":1280,"stat.useItem.poppiecraft.PironniteoreOW":1,"achievement.exploreAllBiomes":{"value":0,"progress":["Desert"]},"stat.pickup.poppiecraft.Pironnitenugget":1,"stat.drop.poppiecraft.Pironnitefragment":3}