{"stat.pickup.minecraft.rotten_flesh":2,"stat.useItem.minecraft.command_block":2,"stat.walkOneCm":7792,"achievement.openInventory":8,"stat.useItem.minecraft.stone":36,"stat.leaveGame":1,"stat.damageTaken":180,"stat.useItem.poppiecraft.Speedster_flesh":1,"stat.pickup.poppiecraft.Speed_fragment":4,"stat.useItem.poppiecraft.Emerald_sword":35,"stat.mobKills":6,"stat.useItem.minecraft.diamond_sword":19,"stat.pickup.poppiecraft.Speedster_flesh":8,"stat.pickup.poppiecraft.Emerald_sword":1,"stat.pickup.minecraft.iron_leggings":1,"stat.flyOneCm":13819,"stat.jump":35,"stat.playOneMinute":6093,"stat.pickup.minecraft.iron_helmet":1,"stat.pickup.minecraft.enchanted_book":6,"stat.useItem.minecraft.item_frame":1,"stat.sneakTime":520,"stat.damageDealt":10204,"stat.crouchOneCm":1961,"stat.killEntity.Zombie":1,"stat.killEntity.poppiecraft.Speedster":5,"stat.timeSinceDeath":6093,"stat.useItem.minecraft.stone_button":1,"stat.sprintOneCm":3639,"stat.pickup.minecraft.iron_chestplate":1,"achievement.exploreAllBiomes":{"value":0,"progress":["Desert"]},"stat.pickup.minecraft.iron_boots":1}