{"stat.walkOneCm":37406,"stat.useItem.minecraft.lever":9,"stat.useItem.minecraft.repeater":8,"stat.leaveGame":3,"stat.useItem.minecraft.comparator":7,"stat.pickup.poppiecraft.Pironnite_block":8,"stat.mineBlock.poppiecraft.Pironnite_block":8,"stat.pickup.minecraft.redstone_block":1,"stat.jump":31,"stat.useItem.minecraft.redstone_block":1,"stat.useItem.minecraft.redstone":25,"stat.pickup.poppiecraft.Emerald_pickaxe":1,"stat.pickup.minecraft.porkchop":1,"stat.drop.poppiecraft.Pironnite_ingot":64,"stat.crouchOneCm":138,"stat.useItem.poppiecraft.Pironnite_block":19,"stat.mineBlock.minecraft.lever":6,"stat.sprintOneCm":11127,"achievement.exploreAllBiomes":{"value":0,"progress":["Desert"]},"stat.useItem.poppiecraft.Emerald_pickaxe":11,"stat.mineBlock.minecraft.iron_block":1,"stat.mineBlock.poppiecraft.Poppie_block":1,"stat.pickup.minecraft.comparator":6,"achievement.openInventory":19,"stat.pickup.minecraft.repeater":6,"stat.useItem.minecraft.iron_block":9,"stat.mobKills":1,"stat.useItem.poppiecraft.Generator_block":12,"stat.mineBlock.minecraft.redstone_block":1,"stat.drop.poppiecraft.Poppie_block":64,"stat.flyOneCm":1652,"stat.pickup.minecraft.lever":6,"stat.pickup.poppiecraft.Basic_soul":3,"stat.drop":3,"stat.playOneMinute":10836,"stat.useItem.poppiecraft.Poppie_block":1,"stat.useItem.minecraft.wooden_sword":3,"stat.sneakTime":43,"stat.damageDealt":100,"stat.pickup.minecraft.redstone":20,"stat.pickup.minecraft.iron_block":1,"stat.timeSinceDeath":10836,"stat.useItem.minecraft.spawn_egg":2,"stat.killEntity.Pig":1,"stat.pickup.poppiecraft.Poppie_block":1}