{"stat.pickup.minecraft.rotten_flesh":5,"stat.walkOneCm":348,"stat.pickup.minecraft.command_block":1,"achievement.openInventory":1,"stat.leaveGame":1,"stat.pickup.poppiecraft.Speed_fragment":4,"stat.pickup.poppiecraft.Speedster_flesh":17,"stat.pickup.poppiecraft.Emerald_sword":1,"stat.pickup.minecraft.spawn_egg":1,"stat.pickup.minecraft.iron_leggings":1,"stat.flyOneCm":1997,"stat.pickup.minecraft.diamond_sword":2,"stat.jump":1,"stat.playOneMinute":766,"stat.pickup.minecraft.iron_helmet":1,"stat.pickup.minecraft.stone_button":1,"stat.pickup.minecraft.torch":1,"stat.sneakTime":5,"stat.pickup.minecraft.stone":1,"stat.crouchOneCm":78,"stat.pickup.minecraft.item_frame":1,"stat.timeSinceDeath":766,"stat.sprintOneCm":304,"stat.pickup.minecraft.iron_chestplate":1,"achievement.exploreAllBiomes":{"value":0,"progress":["Desert"]},"stat.pickup.minecraft.iron_boots":1}