{"stat.walkOneCm":3147,"stat.useItem.poppiecraft.Carbon_block":1,"achievement.openInventory":3,"stat.leaveGame":2,"stat.useItem.poppiecraft.Compressed_iron_block":1,"stat.useItem.poppiecraft.Pironnite_ore_N":2,"stat.flyOneCm":176,"stat.useItem.poppiecraft.Pironnite_ore_OW":1,"stat.useItem.poppiecraft.Melter":1,"stat.jump":1,"stat.playOneMinute":1753,"stat.useItem.poppiecraft.Poppie_block":1,"stat.sneakTime":69,"stat.timeSinceDeath":1753,"stat.useItem.poppiecraft.Pironnite_block":1,"stat.useItem.poppiecraft.Carbon_ore":2,"stat.sprintOneCm":403,"achievement.exploreAllBiomes":{"value":0,"progress":["Desert"]},"stat.useItem.poppiecraft.Steel_block":1}