{"stat.walkOneCm":20696,"stat.useItem.minecraft.quartz_block":4,"achievement.openInventory":40,"stat.pickup.poppiecraft.Advanced_soul":256,"stat.useItem.minecraft.barrier":3,"stat.leaveGame":6,"stat.mineBlock.minecraft.quartz_block":3,"stat.useItem.poppiecraft.Compressed_carbon_block":90,"stat.pickup.minecraft.planks":64,"stat.useItem.poppiecraft.Generator_block_basic":3,"stat.flyOneCm":14548,"stat.pickup.poppiecraft.Basic_soul":896,"stat.pickup.minecraft.quartz_block":3,"stat.drop":1,"stat.jump":43,"stat.drop.poppiecraft.Emerald_pickaxe":1,"stat.playOneMinute":21713,"stat.useItem.minecraft.item_frame":85,"stat.sneakTime":807,"stat.pickup.minecraft.stone":833,"stat.crouchOneCm":1952,"stat.timeSinceDeath":21713,"stat.sprintOneCm":6004,"achievement.exploreAllBiomes":{"value":0,"progress":["Desert"]},"stat.useItem.poppiecraft.Emerald_pickaxe":4,"stat.pickup.poppiecraft.Ultimate_soul":256}