{"stat.walkOneCm":3814,"stat.useItem.poppiecraft.Generator_block_advanced":1,"stat.useItem.minecraft.quartz_block":1,"achievement.openInventory":7,"stat.killEntity.Chicken":2,"stat.leaveGame":2,"stat.pickup.minecraft.feather":2,"stat.useItem.poppiecraft.Emerald_sword":1,"stat.mobKills":3,"stat.useItem.poppiecraft.Generator_block_basic":1,"stat.flyOneCm":1693,"stat.pickup.poppiecraft.Basic_soul":7,"stat.jump":7,"stat.playOneMinute":2039,"stat.useItem.minecraft.wooden_sword":5,"stat.damageDealt":180,"stat.pickup.minecraft.porkchop":2,"stat.pickup.minecraft.chicken":2,"stat.timeSinceDeath":2039,"stat.sprintOneCm":2725,"stat.useItem.minecraft.spawn_egg":3,"stat.killEntity.Pig":1,"achievement.exploreAllBiomes":{"value":0,"progress":["Desert"]}}