{"stat.flyOneCm":1823,"stat.deaths":2,"stat.walkOneCm":1252,"stat.pickup.minecraft.quartz_block":8,"stat.jump":3,"stat.useItem.minecraft.quartz_block":31,"stat.playOneMinute":5093,"achievement.openInventory":1,"stat.fallOneCm":285,"stat.leaveGame":2,"stat.sneakTime":255,"stat.damageTaken":735,"stat.damageDealt":10,"stat.crouchOneCm":1422,"stat.timeSinceDeath":0,"stat.useItem.minecraft.crafting_table":1,"stat.sprintOneCm":868,"achievement.exploreAllBiomes":{"value":0,"progress":["Desert"]},"stat.entityKilledBy.Creeper":1,"stat.craftingTableInteraction":1,"stat.entityKilledBy.poppiecraft.Speedster":1}