{"stat.walkOneCm":9416,"achievement.openInventory":10,"stat.killEntity.Chicken":3,"stat.leaveGame":4,"stat.pickup.minecraft.feather":6,"stat.useItem.poppiecraft.Emerald_sword":3,"stat.mobKills":3,"stat.flyOneCm":21092,"stat.pickup.minecraft.lever":1,"stat.pickup.poppiecraft.Basic_soul":3,"stat.jump":84,"stat.playOneMinute":9585,"stat.fallOneCm":3135,"stat.damageDealt":120,"stat.pickup.minecraft.chicken":3,"stat.timeSinceDeath":9585,"stat.mineBlock.minecraft.lever":1,"stat.sprintOneCm":9215,"stat.pickup.minecraft.experience_bottle":14,"stat.useItem.minecraft.spawn_egg":3,"achievement.exploreAllBiomes":{"value":0,"progress":["Desert"]}}