{"stat.walkOneCm":6527,"stat.leaveGame":2,"stat.pickup.poppiecraft.Speed_fragment":2,"stat.useItem.poppiecraft.Emerald_sword":7,"stat.mobKills":2,"stat.pickup.poppiecraft.Speedster_flesh":3,"stat.flyOneCm":6447,"stat.jump":20,"stat.playOneMinute":1381,"stat.fallOneCm":418,"stat.pickup.poppiecraft.Golden_feather":1,"stat.sneakTime":113,"stat.damageDealt":810,"stat.crouchOneCm":121,"stat.timeSinceDeath":1381,"stat.pickup.poppiecraft.Darker_flesh":64,"stat.sprintOneCm":2572,"achievement.exploreAllBiomes":{"value":0,"progress":["Desert"]}}