{"stat.walkOneCm":11115,"stat.useItem.minecraft.lever":2,"achievement.openInventory":2,"stat.leaveGame":2,"stat.killEntity.Wolf":5,"stat.useItem.poppiecraft.Emerald_sword":3,"stat.mobKills":5,"stat.pickup.minecraft.lever":2,"stat.flyOneCm":1507,"stat.pickup.poppiecraft.Basic_soul":6,"stat.jump":6,"stat.playOneMinute":2239,"stat.fallOneCm":209,"stat.useItem.minecraft.wooden_sword":9,"stat.damageDealt":809,"stat.timeSinceDeath":2239,"stat.sprintOneCm":1180,"stat.useItem.minecraft.spawn_egg":5,"achievement.exploreAllBiomes":{"value":0,"progress":["Desert"]}}