{"stat.pickup.minecraft.rotten_flesh":1,"stat.flyOneCm":6693,"stat.deaths":2,"stat.pickup.minecraft.diamond_sword":2,"stat.walkOneCm":835,"stat.jump":10,"stat.playOneMinute":3626,"stat.pickup.minecraft.torch":1,"stat.leaveGame":1,"stat.sneakTime":13,"stat.damageTaken":900,"stat.pickup.minecraft.stone":1,"stat.crouchOneCm":96,"stat.timeSinceDeath":3287,"stat.pickup.poppiecraft.Speed_fragment":2,"stat.sprintOneCm":1371,"achievement.exploreAllBiomes":{"value":0,"progress":["Desert"]},"stat.pickup.poppiecraft.Speedster_flesh":4,"stat.entityKilledBy.poppiecraft.Speedster":2}