{"stat.walkOneCm":3334,"stat.pickup.poppiecraft.Poppienugget":1,"achievement.openInventory":5,"stat.craftItem.poppiecraft.Poppieingot":10,"stat.leaveGame":2,"stat.craftItem.poppiecraft.Carboningot":9,"stat.flyOneCm":951,"stat.drop":3,"stat.jump":3,"stat.playOneMinute":2427,"stat.craftItem.poppiecraft.Poppienugget":10,"stat.sneakTime":67,"stat.drop.poppiecraft.Poppienugget":2,"stat.timeSinceDeath":2427,"stat.craftItem.poppiecraft.Poppieblock":1,"stat.drop.poppiecraft.Poppieingot":1,"stat.sprintOneCm":849,"stat.craftItem.poppiecraft.Carbonblock":1,"achievement.exploreAllBiomes":{"value":0,"progress":["Desert"]},"stat.useItem.poppiecraft.Poppieblock":1,"stat.craftingTableInteraction":2}