{"stat.pickup.minecraft.iron_leggings":2,"stat.flyOneCm":3498,"stat.walkOneCm":888,"stat.jump":3,"stat.playOneMinute":1405,"stat.pickup.minecraft.iron_helmet":2,"achievement.openInventory":2,"stat.leaveGame":1,"stat.sneakTime":19,"stat.pickup.poppiecraft.Speed_element":1,"stat.crouchOneCm":72,"stat.timeSinceDeath":1405,"stat.pickup.poppiecraft.Speed_fragment":1,"stat.sprintOneCm":2320,"stat.pickup.minecraft.iron_chestplate":2,"achievement.exploreAllBiomes":{"value":0,"progress":["Desert"]},"stat.pickup.minecraft.iron_boots":2,"stat.pickup.poppiecraft.Speedster_flesh":2}