{"stat.walkOneCm":7042,"achievement.openInventory":8,"stat.leaveGame":2,"stat.pickup.poppiecraft.Speed_fragment":11,"stat.useItem.poppiecraft.Emerald_sword":41,"stat.mobKills":11,"stat.drop.poppiecraft.Speed_element":1,"stat.craftItem.poppiecraft.Speed_element":1,"stat.flyOneCm":1778,"stat.drop":1,"stat.jump":36,"stat.playOneMinute":3656,"stat.craftItem.poppiecraft.Speed_fragment":9,"stat.pickup.poppiecraft.Speed_element":4,"stat.damageDealt":4400,"stat.timeSinceDeath":3656,"stat.sprintOneCm":2441,"achievement.exploreAllBiomes":{"value":0,"progress":["Desert"]},"stat.craftingTableInteraction":1}