{"stat.walkOneCm":1239,"stat.leaveGame":1,"stat.damageTaken":1620,"stat.pickup.minecraft.iron_leggings":1,"stat.flyOneCm":3208,"stat.deaths":4,"stat.jump":1,"stat.playOneMinute":1179,"stat.pickup.minecraft.iron_helmet":1,"stat.sneakTime":8,"stat.damageDealt":10,"stat.crouchOneCm":73,"stat.timeSinceDeath":250,"stat.sprintOneCm":1912,"stat.pickup.minecraft.iron_chestplate":1,"achievement.exploreAllBiomes":{"value":0,"progress":["Desert"]},"stat.pickup.minecraft.iron_boots":1,"stat.entityKilledBy.poppiecraft.Speedster":4}