{"stat.walkOneCm":3003,"stat.useItem.minecraft.torch":1,"achievement.openInventory":10,"stat.useItem.minecraft.stone":14,"stat.leaveGame":2,"stat.mobKills":2,"stat.useItem.minecraft.diamond_sword":58,"stat.flyOneCm":2949,"stat.jump":5,"stat.playOneMinute":4871,"stat.useItem.minecraft.planks":1,"stat.sneakTime":93,"stat.damageDealt":3980,"stat.crouchOneCm":36,"stat.killEntity.poppiecraft.Speedster":2,"stat.timeSinceDeath":4871,"stat.sprintOneCm":2607,"achievement.exploreAllBiomes":{"value":0,"progress":["Desert"]},"stat.craftingTableInteraction":1}