{"stat.pickup.minecraft.rotten_flesh":1,"stat.walkOneCm":12959,"achievement.openInventory":17,"stat.killEntity.Chicken":3,"stat.leaveGame":2,"stat.pickup.minecraft.feather":4,"stat.pickup.minecraft.leather":3,"stat.mobKills":9,"stat.flyOneCm":2152,"stat.pickup.poppiecraft.Basic_soul":23,"stat.jump":8,"stat.playOneMinute":4203,"stat.useItem.minecraft.wooden_sword":18,"stat.killEntity.MushroomCow":3,"stat.pickup.minecraft.beef":9,"stat.damageDealt":1039,"stat.pickup.minecraft.chicken":3,"stat.killEntity.Zombie":1,"stat.timeSinceDeath":4203,"stat.killEntity.Cow":2,"stat.sprintOneCm":7487,"stat.useItem.minecraft.spawn_egg":12,"achievement.exploreAllBiomes":{"value":0,"progress":["Desert"]}}