{"stat.pickup.minecraft.rotten_flesh":5,"stat.walkOneCm":844,"stat.pickup.minecraft.command_block":1,"stat.pickup.poppiecraft.Speed_fragment":4,"stat.pickup.poppiecraft.Speedster_flesh":17,"stat.pickup.poppiecraft.Emerald_sword":1,"stat.pickup.minecraft.spawn_egg":1,"stat.pickup.minecraft.iron_leggings":1,"stat.flyOneCm":1442,"stat.pickup.minecraft.diamond_sword":2,"stat.jump":4,"stat.playOneMinute":1187,"stat.pickup.minecraft.iron_helmet":1,"stat.pickup.minecraft.stone_button":1,"stat.pickup.minecraft.torch":1,"stat.sneakTime":9,"stat.pickup.minecraft.stone":1,"stat.crouchOneCm":88,"stat.pickup.minecraft.item_frame":1,"stat.timeSinceDeath":1137,"stat.sprintOneCm":1183,"stat.pickup.minecraft.iron_chestplate":1,"achievement.exploreAllBiomes":{"value":0,"progress":["Desert"]},"stat.pickup.minecraft.iron_boots":1}