{"stat.pickup.poppiecraft.Glowstone_hoe":1,"stat.pickup.poppiecraft.Quartz_shovel":1,"stat.walkOneCm":11546,"stat.useItem.minecraft.quartz_block":1,"stat.pickup.minecraft.stick":2,"stat.useItem.minecraft.stone":4,"stat.leaveGame":1,"stat.furnaceInteraction":11,"stat.pickup.poppiecraft.Glowstone_pickaxe":1,"stat.pickup.minecraft.lapis_block":63,"stat.pickup.poppiecraft.Glowstone_leggings":1,"stat.pickup.minecraft.redstone_block":63,"stat.pickup.poppiecraft.Glowstone_chestplate":1,"stat.pickup.poppiecraft.Glowstonegem":66,"stat.jump":9,"stat.pickup.poppiecraft.Quartz_pickaxe":1,"stat.pickup.minecraft.coal":252,"stat.pickup.minecraft.glowstone":63,"stat.pickup.poppiecraft.Glowstone_axe":1,"stat.pickup.poppiecraft.Lapisgem":1,"stat.useItem.poppiecraft.Glowstone_pickaxe":3,"stat.pickup.poppiecraft.Glowstone_boots":1,"stat.useItem.minecraft.obsidian":4,"stat.pickup.poppiecraft.Quartz_sword":1,"stat.sprintOneCm":3305,"achievement.exploreAllBiomes":{"value":0,"progress":["Desert"]},"stat.pickup.poppiecraft.Quartzgem":133,"stat.craftingTableInteraction":2,"stat.useItem.poppiecraft.Redstone_pickaxe":5,"stat.pickup.minecraft.iron_ore":4,"stat.pickup.poppiecraft.Redstonegem":1,"stat.pickup.poppiecraft.Quartz_helmet":1,"stat.pickup.poppiecraft.Quartz_leggings":1,"achievement.openInventory":18,"stat.mineBlock.minecraft.diamond_ore":4,"stat.pickup.poppiecraft.Quartz_axe":1,"stat.useItem.poppiecraft.Lapis_pickaxe":3,"stat.useItem.minecraft.iron_ore":4,"stat.pickup.poppiecraft.Quartz_chestplate":1,"stat.mineBlock.minecraft.quartz_block":1,"stat.useItem.minecraft.furnace":4,"stat.pickup.poppiecraft.Glowstone_shovel":1,"stat.pickup.minecraft.cobblestone":4,"stat.flyOneCm":869,"stat.pickup.minecraft.quartz_block":64,"stat.pickup.minecraft.diamond":4,"stat.playOneMinute":9742,"stat.useItem.minecraft.diamond_ore":4,"stat.pickup.poppiecraft.Quartz_boots":1,"stat.mineBlock.minecraft.iron_ore":4,"stat.timeSinceDeath":9742,"stat.pickup.poppiecraft.Glowstone_sword":1,"stat.useItem.poppiecraft.Quartz_pickaxe":3,"stat.mineBlock.minecraft.stone":4,"stat.pickup.poppiecraft.Quartz_hoe":1,"stat.pickup.poppiecraft.Glowstone_helmet":1}