{"stat.flyOneCm":182,"stat.walkOneCm":3983,"stat.drop":1,"stat.pickup.minecraft.quartz_block":8,"stat.useItem.minecraft.quartz_block":8,"stat.jump":6,"stat.playOneMinute":3106,"achievement.openInventory":8,"stat.useItem.poppiecraft.Redstone_hoe":1,"stat.leaveGame":2,"stat.mineBlock.minecraft.quartz_block":8,"stat.useItem.poppiecraft.Redstone_shovel":5,"stat.timeSinceDeath":3106,"stat.useItem.minecraft.dirt":10,"stat.pickup.minecraft.dirt":10,"stat.sprintOneCm":817,"stat.useItem.minecraft.iron_pickaxe":4,"stat.mineBlock.minecraft.dirt":10,"achievement.exploreAllBiomes":{"value":0,"progress":["Desert"]},"stat.useItem.minecraft.iron_hoe":1,"stat.useItem.minecraft.iron_shovel":5,"stat.useItem.poppiecraft.Redstone_pickaxe":4}