{"stat.walkOneCm":7349,"stat.pickup.poppiecraft.Moltencarbon":64,"achievement.openInventory":9,"stat.useItem.poppiecraft.Carbonblock":1,"stat.useItem.poppiecraft.Lapis_pickaxe":1,"stat.drop.poppiecraft.Carboningot":65,"stat.leaveGame":1,"stat.furnaceInteraction":6,"stat.mineBlock.poppiecraft.Carbonore":2,"stat.useItem.minecraft.furnace":2,"stat.drop.poppiecraft.Moltencarbon":65,"stat.pickup.poppiecraft.Carbonore":2,"stat.craftItem.poppiecraft.Carboningot":2,"stat.flyOneCm":1036,"stat.drop":4,"stat.pickup.poppiecraft.Carboningot":64,"stat.jump":4,"stat.playOneMinute":3842,"stat.craftItem.poppiecraft.Moltencarbon":1,"stat.useItem.minecraft.stone_pickaxe":1,"stat.sneakTime":128,"stat.useItem.poppiecraft.Carbonore":4,"stat.crouchOneCm":314,"stat.timeSinceDeath":3842,"stat.sprintOneCm":2568,"stat.useItem.minecraft.iron_pickaxe":1,"stat.craftItem.poppiecraft.Carbonblock":1,"achievement.exploreAllBiomes":{"value":0,"progress":["Desert"]},"stat.craftingTableInteraction":1}