{"stat.useItem.minecraft.command_block":3,"stat.pickup.poppiecraft.Emerald_chestplate":1,"stat.walkOneCm":2978,"stat.swimOneCm":21,"stat.jump":1,"stat.playOneMinute":1847,"achievement.openInventory":5,"stat.pickup.minecraft.stone_button":2,"stat.leaveGame":1,"stat.sneakTime":58,"stat.crouchOneCm":246,"stat.timeSinceDeath":1847,"stat.useItem.minecraft.stone_button":3,"stat.useItem.minecraft.dirt":1,"stat.useItem.minecraft.spawn_egg":7,"achievement.exploreAllBiomes":{"value":0,"progress":["Taiga"]}}