{"stat.chestOpened":22,"stat.walkOneCm":8534,"stat.useItem.minecraft.chest":3,"stat.useItem.minecraft.redstone_lamp":1,"achievement.openInventory":8,"stat.leaveGame":2,"stat.useItem.minecraft.hopper":4,"stat.pickup.minecraft.planks":173,"stat.flyOneCm":4025,"stat.jump":15,"stat.swimOneCm":207,"stat.playOneMinute":9374,"stat.useItem.minecraft.planks":1,"stat.useItem.minecraft.redstone":3,"stat.sneakTime":360,"stat.crouchOneCm":127,"stat.timeSinceDeath":9374,"stat.hopperInspected":23,"stat.useItem.minecraft.stone_button":1,"stat.useItem.minecraft.dirt":1,"stat.sprintOneCm":364,"stat.useItem.poppiecraft.Generator_basic":9,"achievement.exploreAllBiomes":{"value":0,"progress":["River","Taiga"]}}