{"stat.killEntity.Skeleton":2,"stat.walkOneCm":2174,"stat.pickup.minecraft.bone":3,"achievement.openInventory":5,"stat.pickup.poppiecraft.Advanced_soul":1,"stat.leaveGame":2,"stat.pickup.minecraft.arrow":2,"stat.mobKills":2,"stat.pickup.minecraft.wooden_sword":1,"stat.jump":1,"stat.playOneMinute":1603,"stat.pickup.minecraft.enchanted_book":1,"stat.useItem.minecraft.wooden_sword":10,"stat.sneakTime":18,"stat.damageDealt":340,"stat.crouchOneCm":36,"stat.timeSinceDeath":1603,"stat.useItem.minecraft.spawn_egg":2,"achievement.exploreAllBiomes":{"value":0,"progress":["River","Taiga"]}}