{"stat.flyOneCm":1131,"stat.walkOneCm":3348,"stat.drop":3,"stat.jump":7,"stat.playOneMinute":3488,"achievement.openInventory":7,"stat.pickup.poppiecraft.Poppiebottle":1,"stat.drop.poppiecraft.Moltencarbonbottle":1,"stat.drop.poppiecraft.Poppiebottle":1,"stat.leaveGame":1,"stat.drop.poppiecraft.Compressedironbottle":1,"stat.brewingstandInteraction":4,"stat.timeSinceDeath":3488,"stat.sprintOneCm":1701,"stat.useItem.minecraft.crafting_table":1,"stat.pickup.poppiecraft.Moltencarbonbottle":1,"achievement.exploreAllBiomes":{"value":0,"progress":["Cold Beach"]},"stat.craftItem.poppiecraft.Compressedironbottle":1,"stat.craftingTableInteraction":3,"stat.pickup.poppiecraft.Compressedironbottle":1}