{"stat.walkOneCm":787,"stat.drop":3,"stat.pickup.minecraft.diamond":1,"stat.jump":1,"stat.playOneMinute":51330,"achievement.openInventory":5,"stat.leaveGame":1,"stat.drop.poppiecraft.Compressedironbottle":3,"stat.brewingstandInteraction":5,"stat.pickup.minecraft.iron_block":6,"stat.timeSinceDeath":51330,"stat.pickup.minecraft.emerald":1,"achievement.exploreAllBiomes":{"value":0,"progress":["Cold Beach"]},"stat.craftItem.poppiecraft.Compressedironbottle":3,"stat.craftingTableInteraction":5,"stat.pickup.poppiecraft.Compressedironbottle":3}