{"stat.flyOneCm":32267,"stat.walkOneCm":15107,"stat.jump":44,"stat.playOneMinute":13176,"achievement.openInventory":46,"stat.useItem.minecraft.item_frame":95,"stat.leaveGame":1,"stat.sneakTime":196,"stat.pickup.poppiecraft.Basic_spirit":1,"stat.crouchOneCm":258,"stat.pickup.minecraft.item_frame":38,"stat.timeSinceDeath":13176,"stat.pickup.poppiecraft.Generator_basic_upgrade":113,"stat.sprintOneCm":2948,"stat.useItem.poppiecraft.Compressed_carbon_block":1,"achievement.exploreAllBiomes":{"value":0,"progress":["Desert"]},"stat.useItem.poppiecraft.Generator_block_basic":3}