{"stat.pickup.poppiecraft.Emerald_helmet":6,"stat.flyOneCm":6365,"stat.pickup.poppiecraft.Emerald_chestplate":1,"stat.deaths":1,"stat.walkOneCm":1481,"stat.pickup.minecraft.quartz_block":8,"stat.jump":6,"stat.playOneMinute":2582,"achievement.openInventory":2,"stat.pickup.minecraft.enchanted_book":3,"stat.pickup.poppiecraft.Emerald_leggings":1,"stat.leaveGame":1,"stat.sneakTime":50,"stat.pickup.poppiecraft.Emerald_boots":1,"stat.damageTaken":450,"stat.damageDealt":70,"stat.crouchOneCm":410,"stat.timeSinceDeath":1567,"stat.sprintOneCm":2466,"achievement.exploreAllBiomes":{"value":0,"progress":["Desert"]},"stat.entityKilledBy.poppiecraft.Speedster":1}