{"stat.walkOneCm":1175,"achievement.openInventory":1,"stat.pickup.poppiecraft.Advanced_soul":2,"stat.leaveGame":2,"stat.killEntity.Spider":2,"stat.useItem.poppiecraft.Emerald_sword":4,"stat.mobKills":2,"stat.useItem.poppiecraft.Generator_block_basic":2,"stat.pickup.minecraft.string":5,"stat.flyOneCm":721,"stat.jump":2,"stat.playOneMinute":1290,"stat.damageDealt":320,"stat.timeSinceDeath":1290,"stat.pickup.minecraft.spider_eye":1,"stat.sprintOneCm":595,"stat.useItem.minecraft.spawn_egg":2,"achievement.exploreAllBiomes":{"value":0,"progress":["Desert"]}}