{"stat.walkOneCm":19136,"achievement.openInventory":18,"stat.leaveGame":2,"stat.craftItem.poppiecraft.Obsidian_chestplate":1,"stat.furnaceInteraction":13,"stat.useItem.minecraft.armor_stand":1,"stat.flyOneCm":19132,"stat.jump":63,"stat.playOneMinute":6294,"stat.pickup.minecraft.stone_button":1,"stat.useItem.minecraft.milk_bucket":1,"stat.sneakTime":40,"stat.timeSinceDeath":6294,"stat.sprintOneCm":13095,"stat.craftItem.poppiecraft.Obsidian_gem":8,"achievement.exploreAllBiomes":{"value":0,"progress":["Desert"]},"stat.craftingTableInteraction":2}