{"stat.pickup.poppiecraft.Emerald_helmet":1,"stat.walkOneCm":13388,"stat.useItem.minecraft.torch":4,"stat.leaveGame":4,"stat.useItem.minecraft.bookshelf":19,"stat.drop.poppiecraft.Darker_flesh":2,"stat.useItem.minecraft.diamond_sword":4,"stat.pickup.minecraft.wooden_sword":4,"stat.pickup.poppiecraft.Emerald_sword":1,"stat.pickup.minecraft.diamond_sword":1,"stat.jump":22,"stat.pickup.poppiecraft.Emerald_leggings":1,"stat.pickup.poppiecraft.Emerald_boots":1,"stat.pickup.minecraft.chicken":5,"stat.crouchOneCm":298,"stat.pickup.poppiecraft.Darker_flesh":2,"stat.sprintOneCm":10143,"achievement.exploreAllBiomes":{"value":0,"progress":["Desert"]},"stat.pickup.minecraft.cooked_beef":61,"achievement.openInventory":17,"stat.killEntity.Chicken":3,"stat.itemEnchanted":52,"stat.pickup.minecraft.anvil":1,"stat.damageTaken":45,"stat.pickup.minecraft.feather":7,"stat.useItem.poppiecraft.Emerald_sword":2,"stat.mobKills":5,"stat.drop.poppiecraft.Darkness_fragment":1,"stat.flyOneCm":7550,"stat.pickup.poppiecraft.Emerald_chestplate":1,"stat.deaths":1,"stat.drop":2,"stat.playOneMinute":10129,"stat.useItem.minecraft.wooden_sword":2,"stat.useItem.minecraft.cooked_beef":1,"stat.sneakTime":178,"stat.useItem.minecraft.enchanting_table":1,"stat.pickup.poppiecraft.Speed_element":6,"stat.damageDealt":625,"stat.killEntity.Zombie":1,"stat.timeSinceDeath":6603,"stat.pickup.poppiecraft.Darkness_fragment":1}