{"stat.walkOneCm":1316,"stat.pickup.minecraft.milk_bucket":4,"achievement.openInventory":4,"stat.leaveGame":2,"stat.craftItem.poppiecraft.Generator_power":1,"stat.killEntity.Spider":2,"stat.pickup.minecraft.bucket":8,"stat.useItem.poppiecraft.Emerald_sword":4,"stat.mobKills":2,"stat.pickup.minecraft.string":1,"stat.jump":10,"stat.playOneMinute":1380,"stat.pickup.minecraft.lava_bucket":3,"stat.damageDealt":320,"stat.timeSinceDeath":1380,"stat.pickup.minecraft.spider_eye":1,"achievement.exploreAllBiomes":{"value":0,"progress":["Desert"]},"stat.craftingTableInteraction":2}