{"stat.walkOneCm":6510,"achievement.openInventory":2,"stat.leaveGame":2,"stat.damageTaken":105,"stat.pickup.poppiecraft.Speed_fragment":1,"stat.mobKills":2,"stat.useItem.minecraft.diamond_sword":20,"stat.pickup.poppiecraft.Speedster_flesh":2,"stat.pickup.poppiecraft.Jumper_flesh":2,"stat.flyOneCm":16797,"stat.jump":8,"stat.playOneMinute":4289,"stat.fallOneCm":3570,"stat.sneakTime":70,"stat.pickup.poppiecraft.Jump_fragment":1,"stat.damageDealt":1638,"stat.crouchOneCm":9,"stat.killEntity.poppiecraft.Speedster":1,"stat.timeSinceDeath":4289,"stat.sprintOneCm":3013,"achievement.exploreAllBiomes":{"value":0,"progress":["Desert"]}}