{"stat.walkOneCm":6530,"stat.leaveGame":2,"stat.killEntity.Wolf":3,"stat.jump":5,"stat.pickup.minecraft.gunpowder":2,"stat.sprintOneCm":1372,"achievement.exploreAllBiomes":{"value":0,"progress":["Desert"]},"stat.pickup.poppiecraft.Ultimate_soul":1,"stat.pickup.minecraft.rotten_flesh":1,"achievement.openInventory":10,"stat.pickup.poppiecraft.Advanced_soul":2,"stat.mobKills":9,"stat.flyOneCm":1626,"stat.pickup.poppiecraft.Basic_soul":3,"stat.playOneMinute":3096,"stat.killEntity.Witch":3,"stat.useItem.minecraft.wooden_sword":21,"stat.damageDealt":1617,"stat.pickup.minecraft.redstone":2,"stat.killEntity.Zombie":3,"stat.timeSinceDeath":3096,"stat.useItem.minecraft.spawn_egg":9}