{"stat.pickup.minecraft.rotten_flesh":1,"stat.drop.poppiecraft.Generator_block":56,"stat.flyOneCm":2984,"stat.walkOneCm":5481,"stat.drop":2,"stat.jump":12,"stat.playOneMinute":1007,"achievement.openInventory":1,"stat.fallOneCm":209,"stat.useItem.minecraft.cooked_beef":2,"stat.drop.minecraft.rotten_flesh":1,"stat.leaveGame":1,"stat.damageDealt":96,"stat.killEntity.Zombie":1,"stat.timeSinceDeath":1007,"stat.sprintOneCm":971,"stat.mobKills":1,"achievement.exploreAllBiomes":{"value":0,"progress":["Desert"]},"stat.useItem.poppiecraft.Generator_block":8}