{"stat.pickup.poppiecraft.Lapis_pickaxe":1,"stat.walkOneCm":8434,"stat.pickup.poppiecraft.Generator_block_basic":1,"achievement.openInventory":11,"stat.pickup.poppiecraft.Advanced_soul":1,"stat.leaveGame":2,"stat.damageTaken":30,"stat.killEntity.Spider":1,"stat.useItem.poppiecraft.Emerald_sword":2,"stat.mobKills":1,"stat.useItem.poppiecraft.Generator_block_basic":5,"stat.flyOneCm":2993,"stat.jump":16,"stat.playOneMinute":5636,"stat.useItem.minecraft.redstone_block":1,"stat.fallOneCm":418,"stat.pickup.minecraft.iron_pickaxe":1,"stat.damageDealt":160,"stat.timeSinceDeath":5636,"stat.pickup.minecraft.spider_eye":1,"stat.sprintOneCm":1482,"stat.useItem.minecraft.iron_pickaxe":2,"achievement.exploreAllBiomes":{"value":0,"progress":["Desert"]},"stat.useItem.poppiecraft.Emerald_pickaxe":1}