{"stat.pickup.minecraft.rotten_flesh":3,"stat.walkOneCm":19869,"stat.useItem.poppiecraft.Generator_block_advanced":7,"stat.pickup.poppiecraft.Ultimate_spirit_power":1,"stat.useItem.minecraft.quartz_block":2,"stat.useItem.poppiecraft.Carbon_block":3,"achievement.openInventory":16,"stat.pickup.poppiecraft.Advanced_spirit_power":1,"stat.pickup.poppiecraft.Generator_power":1,"stat.leaveGame":2,"stat.killEntity.Spider":1,"stat.useItem.poppiecraft.Compressed_iron_block":2,"stat.pickup.poppiecraft.Broken_basic_spirit_power":1,"stat.useItem.poppiecraft.Emerald_sword":7,"stat.mobKills":3,"stat.useItem.poppiecraft.Compressed_carbon_block":19,"stat.killEntity.Creeper":2,"stat.pickup.poppiecraft.Broken_ultimate_spirit_power":1,"stat.useItem.poppiecraft.Alzanite_ore":1,"stat.useItem.poppiecraft.Generator_block_basic":2,"stat.pickup.minecraft.string":1,"stat.flyOneCm":33803,"stat.jump":23,"stat.useItem.poppiecraft.Generator_block_ultimate":3,"stat.playOneMinute":8493,"stat.useItem.poppiecraft.Poppie_block":3,"stat.useItem.minecraft.item_frame":9,"stat.sneakTime":574,"stat.pickup.poppiecraft.Steel_power":1,"stat.damageDealt":560,"stat.pickup.minecraft.gunpowder":3,"stat.pickup.poppiecraft.Broken_advanced_spirit_power":1,"stat.crouchOneCm":1330,"stat.pickup.minecraft.item_frame":8,"stat.timeSinceDeath":8493,"stat.useItem.poppiecraft.Pironnite_block":3,"stat.useItem.poppiecraft.Ragmarite_ore":2,"stat.sprintOneCm":4289,"stat.useItem.poppiecraft.Mefferite_ore":2,"stat.pickup.poppiecraft.Basic_spirit_power":1,"achievement.exploreAllBiomes":{"value":0,"progress":["Desert"]},"stat.useItem.poppiecraft.Steel_block":3}