{"stat.drop.poppiecraft.Advanced_soul":3,"stat.walkOneCm":8211,"stat.killEntity.EntityHorse":7,"achievement.openInventory":5,"stat.pickup.poppiecraft.Advanced_soul":3,"stat.leaveGame":2,"stat.pickup.minecraft.leather":10,"stat.killEntity.Wolf":1,"stat.useItem.poppiecraft.Emerald_sword":11,"stat.mobKills":8,"stat.pickup.minecraft.wooden_sword":1,"stat.pickup.poppiecraft.Emerald_sword":1,"stat.flyOneCm":28,"stat.drop":5,"stat.jump":9,"stat.playOneMinute":2770,"stat.drop.poppiecraft.Emerald_sword":1,"stat.useItem.minecraft.wooden_sword":6,"stat.drop.minecraft.wooden_sword":1,"stat.damageDealt":1670,"stat.timeSinceDeath":2770,"stat.sprintOneCm":2197,"stat.useItem.minecraft.spawn_egg":7,"stat.drop.minecraft.leather":10,"achievement.exploreAllBiomes":{"value":0,"progress":["Desert"]}}