{"stat.flyOneCm":16632,"stat.walkOneCm":3087,"stat.drop":1,"stat.useItem.poppiecraft.Compressedironblock":1,"stat.jump":61,"stat.craftItem.poppiecraft.Goldenstring":1,"stat.playOneMinute":3428,"achievement.openInventory":3,"stat.drop.poppiecraft.Goldenstring":1,"stat.pickup.poppiecraft.Goldenstring":1,"stat.sneakTime":397,"stat.crouchOneCm":1183,"stat.pickup.poppiecraft.Renforcedstring":3,"stat.timeSinceDeath":3428,"stat.sprintOneCm":4488,"stat.pickup.minecraft.gold_block":4,"achievement.exploreAllBiomes":{"value":0,"progress":["Desert"]},"stat.pickup.minecraft.gold_ingot":2,"stat.craftingTableInteraction":1}