{"stat.walkOneCm":12286,"achievement.openInventory":5,"stat.drop.poppiecraft.Carboningot":1,"stat.leaveGame":1,"stat.useItem.minecraft.diamond_pickaxe":3,"stat.mineBlock.poppiecraft.Carbonore":2,"stat.useItem.poppiecraft.PironniteoreOV":5,"stat.pickup.poppiecraft.Carbonore":2,"stat.pickup.poppiecraft.PironniteoreOV":2,"stat.flyOneCm":905,"stat.drop":1,"stat.jump":6,"stat.pickup.poppiecraft.Carboningot":1,"stat.playOneMinute":3015,"stat.fallOneCm":209,"stat.mineBlock.poppiecraft.PironniteoreOV":2,"stat.pickup.poppiecraft.PironniteoreN":1,"stat.sneakTime":190,"stat.mineBlock.poppiecraft.PironniteoreN":1,"stat.useItem.poppiecraft.Carbonore":2,"stat.crouchOneCm":552,"stat.timeSinceDeath":3015,"stat.sprintOneCm":2066,"stat.useItem.poppiecraft.PironniteoreN":5,"stat.useItem.minecraft.iron_pickaxe":2,"achievement.exploreAllBiomes":{"value":0,"progress":["Desert"]},"stat.useItem.poppiecraft.Emerald_pickaxe":4}