{"stat.pickup.poppiecraft.Emerald_helmet":1,"stat.walkOneCm":24358,"stat.leaveGame":4,"stat.pickup.poppiecraft.Speed_fragment":1,"stat.pickup.poppiecraft.Speedster_flesh":2,"stat.pickup.poppiecraft.Emerald_sword":3,"stat.jump":43,"stat.pickup.minecraft.iron_helmet":1,"stat.pickup.poppiecraft.Emerald_leggings":1,"stat.fallOneCm":209,"stat.drop.poppiecraft.Emerald_sword":1,"stat.useItem.minecraft.milk_bucket":1,"stat.pickup.poppiecraft.Emerald_boots":1,"stat.crouchOneCm":1603,"stat.pickup.poppiecraft.Darker_flesh":64,"stat.sprintOneCm":8699,"stat.pickup.minecraft.iron_chestplate":1,"achievement.exploreAllBiomes":{"value":0,"progress":["Desert"]},"stat.pickup.minecraft.iron_boots":1,"stat.entityKilledBy.poppiecraft.Speedster":1,"stat.pickup.minecraft.barrier":128,"stat.drop.minecraft.barrier":64,"achievement.openInventory":10,"stat.useItem.minecraft.barrier":34,"stat.damageTaken":915,"stat.pickup.minecraft.bucket":1,"stat.useItem.poppiecraft.Emerald_sword":46,"stat.mobKills":3,"stat.pickup.minecraft.iron_leggings":1,"stat.flyOneCm":22522,"stat.pickup.poppiecraft.Emerald_chestplate":1,"stat.deaths":3,"stat.drop":3,"stat.playOneMinute":7214,"stat.sneakTime":556,"stat.damageDealt":4561,"stat.killEntity.poppiecraft.Speedster":1,"stat.timeSinceDeath":3529}