{"stat.pickup.minecraft.barrier":64,"stat.walkOneCm":4398,"stat.useItem.poppiecraft.Generator_block_advanced":1,"achievement.openInventory":10,"stat.useItem.minecraft.stone":1,"stat.leaveGame":2,"stat.damageTaken":152,"stat.pickup.minecraft.feather":10,"stat.pickup.poppiecraft.Speed_fragment":2,"stat.useItem.poppiecraft.Emerald_sword":13,"stat.mobKills":1,"stat.pickup.poppiecraft.Speedster_flesh":2,"stat.pickup.poppiecraft.Emerald_sword":3,"stat.pickup.minecraft.spawn_egg":2,"stat.flyOneCm":7325,"stat.deaths":1,"stat.drop":2,"stat.jump":13,"stat.playOneMinute":3777,"stat.drop.poppiecraft.Emerald_sword":2,"stat.useItem.minecraft.redstone_block":1,"stat.sneakTime":15,"stat.damageDealt":1823,"stat.pickup.minecraft.chicken":10,"stat.crouchOneCm":39,"stat.killEntity.poppiecraft.Speedster":1,"stat.timeSinceDeath":2826,"stat.sprintOneCm":2448,"stat.useItem.minecraft.spawn_egg":1,"achievement.exploreAllBiomes":{"value":0,"progress":["Desert"]}}