{"stat.flyOneCm":3696,"stat.pickup.poppiecraft.Basic_soul":2,"stat.walkOneCm":6711,"stat.jump":20,"stat.playOneMinute":2476,"achievement.openInventory":9,"stat.fallOneCm":1103,"stat.leaveGame":1,"stat.sneakTime":28,"stat.damageDealt":100,"stat.pickup.minecraft.porkchop":2,"stat.crouchOneCm":152,"stat.timeSinceDeath":2476,"stat.useItem.poppiecraft.Emerald_sword":2,"stat.sprintOneCm":4121,"stat.mobKills":1,"stat.useItem.minecraft.spawn_egg":1,"stat.killEntity.Pig":1,"achievement.exploreAllBiomes":{"value":0,"progress":["Desert"]}}