{"stat.walkOneCm":4220,"stat.useItem.minecraft.quartz_block":1,"achievement.openInventory":9,"stat.leaveGame":3,"stat.killEntity.Spider":1,"stat.pickup.minecraft.feather":7,"stat.useItem.poppiecraft.Emerald_sword":2,"stat.mobKills":1,"stat.useItem.poppiecraft.Generator_block_basic":1,"stat.pickup.minecraft.spawn_egg":1,"stat.flyOneCm":968,"stat.jump":12,"stat.playOneMinute":6531,"stat.fallOneCm":418,"stat.useItem.minecraft.redstone_block":2,"stat.sneakTime":16,"stat.damageDealt":160,"stat.crouchOneCm":38,"stat.pickup.minecraft.chicken":6,"stat.timeSinceDeath":6531,"stat.sprintOneCm":1263,"stat.pickup.minecraft.experience_bottle":1,"achievement.exploreAllBiomes":{"value":0,"progress":["Desert"]},"stat.pickup.poppiecraft.Loot_upgrade":1}