{"stat.pickup.poppiecraft.Emerald_helmet":2,"stat.pickup.minecraft.iron_leggings":1,"stat.flyOneCm":4731,"stat.deaths":1,"stat.walkOneCm":701,"stat.pickup.minecraft.quartz_block":16,"stat.jump":3,"stat.playOneMinute":2876,"stat.pickup.minecraft.iron_helmet":1,"achievement.openInventory":4,"stat.leaveGame":1,"stat.sneakTime":33,"stat.damageTaken":270,"stat.damageDealt":320,"stat.crouchOneCm":67,"stat.timeSinceDeath":454,"stat.sprintOneCm":1960,"stat.pickup.minecraft.iron_chestplate":1,"achievement.exploreAllBiomes":{"value":0,"progress":["Desert"]},"stat.pickup.minecraft.iron_boots":1,"stat.entityKilledBy.poppiecraft.Speedster":1}