{"stat.pickup.poppiecraft.Emerald_helmet":5,"stat.walkOneCm":3139,"stat.leaveGame":3,"stat.craftItem.poppiecraft.Steel_power":1,"stat.pickup.poppiecraft.Speed_fragment":19,"stat.jump":9,"stat.pickup.minecraft.iron_helmet":2,"stat.craftItem.poppiecraft.Speed_fragment":9,"stat.pickup.poppiecraft.Emerald_leggings":3,"stat.craftItem.poppiecraft.Darkness_element":5,"stat.pickup.poppiecraft.Emerald_boots":3,"stat.craftItem.poppiecraft.Jump_fragment":27,"stat.pickup.poppiecraft.Jump_fragment":32,"stat.crouchOneCm":117,"stat.sprintOneCm":3068,"stat.pickup.minecraft.iron_chestplate":2,"achievement.exploreAllBiomes":{"value":0,"progress":["Desert"]},"stat.pickup.minecraft.iron_boots":2,"stat.craftingTableInteraction":4,"stat.entityKilledBy.poppiecraft.Speedster":3,"stat.craftItem.poppiecraft.Darkness_fragment":9,"achievement.openInventory":8,"stat.breakItem.poppiecraft.Emerald_chestplate":2,"stat.damageTaken":864,"stat.pickup.minecraft.iron_leggings":2,"stat.craftItem.poppiecraft.Speed_element":5,"stat.craftItem.poppiecraft.Jump_element":4,"stat.flyOneCm":3134,"stat.deaths":3,"stat.pickup.minecraft.quartz_block":16,"stat.playOneMinute":4445,"stat.sneakTime":24,"stat.damageDealt":10,"stat.timeSinceDeath":399,"stat.pickup.poppiecraft.Darkness_fragment":16}