{"stat.walkOneCm":1025,"achievement.openInventory":8,"stat.leaveGame":2,"stat.pickup.poppiecraft.Advanced_spirit":5,"stat.useItem.poppiecraft.Generator_block_basic":1,"stat.flyOneCm":26,"stat.jump":17,"stat.playOneMinute":7665,"stat.useItem.minecraft.experience_bottle":3,"stat.pickup.poppiecraft.Basic_spirit":1,"stat.timeSinceDeath":7665,"stat.sprintOneCm":147,"stat.useItem.minecraft.spawn_egg":40,"achievement.exploreAllBiomes":{"value":0,"progress":["Desert"]},"stat.pickup.poppiecraft.Loot_upgrade":2}