{"stat.flyOneCm":3104,"stat.walkOneCm":2979,"stat.drop":2,"stat.jump":21,"stat.playOneMinute":20453,"achievement.openInventory":6,"stat.drop.poppiecraft.Emerald_sword":2,"stat.leaveGame":1,"stat.sneakTime":313,"stat.damageDealt":30,"stat.crouchOneCm":733,"stat.timeSinceDeath":20453,"stat.pickup.minecraft.snowball":5,"stat.pickup.poppiecraft.Advanced_spirit":1,"stat.sprintOneCm":847,"stat.useItem.minecraft.spawn_egg":50,"achievement.exploreAllBiomes":{"value":0,"progress":["Desert"]},"stat.pickup.poppiecraft.Emerald_sword":2}