{"stat.walkOneCm":15982,"stat.useItem.minecraft.lever":2,"achievement.openInventory":2,"stat.leaveGame":3,"stat.drop.minecraft.cooked_beef":63,"stat.damageTaken":260,"stat.useItem.poppiecraft.Emerald_sword":20,"stat.mobKills":1,"stat.flyOneCm":1329,"stat.drop":2,"stat.jump":35,"stat.playOneMinute":5356,"stat.fallOneCm":476,"stat.pickup.poppiecraft.Golden_feather":1,"stat.useItem.minecraft.cooked_beef":2,"stat.sneakTime":46,"stat.damageDealt":1470,"stat.crouchOneCm":130,"stat.pickup.minecraft.chicken":1,"stat.timeSinceDeath":5356,"stat.sprintOneCm":1714,"achievement.exploreAllBiomes":{"value":0,"progress":["Desert"]}}