{"stat.walkOneCm":2133,"achievement.openInventory":3,"stat.leaveGame":2,"stat.drop.poppiecraft.Four_leaf_clover_leggings":1,"stat.useItem.minecraft.diamond_sword":2,"stat.drop.poppiecraft.Four_leaf_clover_boots":1,"stat.flyOneCm":1259,"stat.drop":4,"stat.jump":6,"stat.playOneMinute":6271,"stat.damageDealt":150,"stat.drop.poppiecraft.Four_leaf_clover_chestplate":1,"stat.timeSinceDeath":6271,"stat.sprintOneCm":706,"achievement.exploreAllBiomes":{"value":0,"progress":["Desert"]},"stat.drop.poppiecraft.Four_leaf_clover_helmet":1}