{"stat.chestOpened":1,"stat.pickup.minecraft.spawn_egg":1,"stat.flyOneCm":190,"stat.walkOneCm":2070,"stat.useItem.poppiecraft.Generator_block_advanced":1,"stat.jump":1,"stat.playOneMinute":5170,"achievement.openInventory":11,"stat.useItem.minecraft.redstone_block":1,"stat.leaveGame":4,"stat.sneakTime":15,"stat.useItem.minecraft.log":1,"stat.furnaceInteraction":2,"stat.timeSinceDeath":5170,"stat.useItem.minecraft.furnace":1,"stat.useItem.minecraft.hopper":1,"stat.sprintOneCm":987,"stat.useItem.minecraft.spawn_egg":19,"achievement.exploreAllBiomes":{"value":0,"progress":["Desert"]}}