{"stat.useItem.minecraft.splash_potion":3,"stat.pickup.minecraft.barrier":64,"stat.walkOneCm":6952,"achievement.openInventory":4,"stat.useItem.minecraft.barrier":8,"stat.leaveGame":1,"stat.pickup.minecraft.leather":13,"stat.mobKills":9,"stat.pickup.minecraft.wooden_sword":1,"stat.pickup.poppiecraft.Emerald_sword":1,"stat.drop.minecraft.spawn_egg":1,"stat.pickup.minecraft.spawn_egg":1,"stat.pickup.poppiecraft.Basic_soul":5,"stat.flyOneCm":895,"stat.drop":2,"stat.jump":6,"stat.playOneMinute":2772,"stat.useItem.minecraft.wooden_sword":9,"stat.pickup.minecraft.beef":19,"stat.sneakTime":190,"stat.damageDealt":970,"stat.drop.minecraft.wooden_sword":1,"stat.crouchOneCm":225,"stat.timeSinceDeath":2772,"stat.killEntity.Cow":9,"stat.sprintOneCm":961,"stat.useItem.minecraft.spawn_egg":9,"achievement.exploreAllBiomes":{"value":0,"progress":["Desert"]}}