{"stat.pickup.minecraft.rotten_flesh":1,"stat.walkOneCm":6640,"achievement.openInventory":23,"stat.leaveGame":5,"stat.damageTaken":228,"stat.pickup.minecraft.iron_shovel":1,"stat.mobKills":1,"stat.useItem.minecraft.diamond_sword":3,"stat.pickup.minecraft.string":4,"stat.flyOneCm":925,"stat.jump":4,"stat.playOneMinute":12007,"stat.fallOneCm":1790,"stat.useItem.minecraft.cooked_beef":1,"stat.useItem.minecraft.milk_bucket":1,"stat.damageDealt":200,"stat.killEntity.Zombie":1,"stat.timeSinceDeath":12007,"stat.sprintOneCm":2672,"achievement.exploreAllBiomes":{"value":0,"progress":["Desert"]},"stat.craftingTableInteraction":2}