{"stat.pickup.minecraft.rotten_flesh":909,"stat.walkOneCm":7424,"stat.pickup.minecraft.bone":1,"stat.killEntity.EntityHorse":2,"achievement.openInventory":16,"stat.leaveGame":1,"stat.pickup.minecraft.prismarine_shard":5,"stat.useItem.poppiecraft.Emerald_sword":28,"stat.mobKills":11,"stat.pickup.minecraft.leather_boots":1,"stat.pickup.poppiecraft.Emerald_sword":3,"stat.pickup.minecraft.prismarine_crystals":2,"stat.flyOneCm":3881,"stat.drop":3,"stat.jump":21,"stat.playOneMinute":7112,"stat.pickup.minecraft.fish":2,"stat.drop.poppiecraft.Emerald_sword":3,"stat.sneakTime":8,"stat.pickup.minecraft.carrot":1,"stat.damageDealt":3270,"stat.killEntity.Zombie":5,"stat.timeSinceDeath":7112,"stat.killEntity.Guardian":4,"stat.sprintOneCm":1305,"stat.useItem.minecraft.spawn_egg":9,"achievement.exploreAllBiomes":{"value":0,"progress":["Desert"]}}