{"stat.walkOneCm":2600,"achievement.openInventory":2,"stat.leaveGame":2,"stat.damageTaken":1620,"stat.pickup.minecraft.iron_leggings":1,"stat.flyOneCm":3208,"stat.deaths":4,"stat.jump":9,"stat.playOneMinute":1709,"stat.pickup.minecraft.iron_helmet":1,"stat.sneakTime":8,"stat.damageDealt":10,"stat.crouchOneCm":73,"stat.timeSinceDeath":780,"stat.sprintOneCm":1912,"stat.pickup.minecraft.iron_chestplate":1,"achievement.exploreAllBiomes":{"value":0,"progress":["Desert"]},"stat.pickup.minecraft.iron_boots":1,"stat.entityKilledBy.poppiecraft.Speedster":4}