{"stat.pickup.poppiecraft.Emerald_helmet":2,"stat.walkOneCm":5392,"stat.useItem.minecraft.stone_slab":16,"achievement.openInventory":10,"stat.leaveGame":2,"stat.damageTaken":147,"stat.drop.minecraft.stone_slab":2,"stat.flyOneCm":5301,"stat.pickup.poppiecraft.Emerald_chestplate":1,"stat.drop":2,"stat.jump":32,"stat.playOneMinute":2547,"stat.pickup.poppiecraft.Emerald_leggings":1,"stat.useItem.minecraft.cooked_beef":1,"stat.pickup.poppiecraft.Emerald_boots":1,"stat.timeSinceDeath":2547,"stat.sprintOneCm":4274,"achievement.exploreAllBiomes":{"value":0,"progress":["Desert"]},"stat.pickup.minecraft.cooked_beef":1}