{"stat.walkOneCm":1557,"stat.useItem.minecraft.quartz_block":3,"achievement.openInventory":9,"stat.leaveGame":4,"stat.brewingstandInteraction":2,"stat.useItem.poppiecraft.Generator_block_basic":3,"stat.pickup.minecraft.spawn_egg":48,"stat.useItem.minecraft.anvil":1,"stat.pickup.poppiecraft.Steel_nugget":9,"stat.flyOneCm":4060,"stat.jump":1,"stat.playOneMinute":15333,"stat.sneakTime":10,"stat.craftItem.poppiecraft.Steel_nugget":1,"stat.craftItem.poppiecraft.Compressed_iron_bottle":3,"stat.crouchOneCm":26,"stat.timeSinceDeath":15333,"stat.useItem.minecraft.crafting_table":1,"stat.sprintOneCm":1407,"achievement.exploreAllBiomes":{"value":0,"progress":["Desert"]},"stat.craftingTableInteraction":2}