{"stat.pickup.poppiecraft.Emerald_helmet":1,"stat.pickup.poppiecraft.Emerald_chestplate":1,"stat.walkOneCm":1074,"stat.playOneMinute":770,"stat.pickup.poppiecraft.Four_leaf_clover_chestplate":1,"stat.pickup.poppiecraft.Emerald_leggings":1,"achievement.openInventory":2,"stat.leaveGame":1,"stat.pickup.poppiecraft.Emerald_boots":1,"stat.timeSinceDeath":770,"stat.pickup.poppiecraft.Four_leaf_clover_leggings":1,"stat.pickup.poppiecraft.Four_leaf_clover_boots":1,"stat.sprintOneCm":918,"achievement.exploreAllBiomes":{"value":0,"progress":["Desert"]},"stat.pickup.poppiecraft.Four_leaf_clover_helmet":1}