{"stat.pickup.minecraft.string":2,"stat.flyOneCm":589,"stat.walkOneCm":526,"stat.jump":2,"stat.playOneMinute":481,"achievement.openInventory":1,"stat.leaveGame":1,"stat.killEntity.Spider":2,"stat.damageDealt":240,"stat.timeSinceDeath":481,"stat.pickup.minecraft.spider_eye":1,"stat.useItem.poppiecraft.Emerald_sword":3,"stat.mobKills":2,"stat.sprintOneCm":348,"stat.useItem.minecraft.spawn_egg":1,"achievement.exploreAllBiomes":{"value":0,"progress":["Desert"]},"stat.useItem.poppiecraft.Generator_block_basic":1}