{"stat.walkOneCm":7216,"stat.useItem.minecraft.quartz_block":8,"stat.leaveGame":5,"stat.useItem.poppiecraft.Redstone_shovel":5,"stat.jump":7,"stat.useItem.poppiecraft.Redstone_hoe":1,"stat.useItem.minecraft.dirt":10,"stat.pickup.minecraft.dirt":10,"stat.sprintOneCm":883,"achievement.exploreAllBiomes":{"value":0,"progress":["Desert"]},"stat.useItem.minecraft.iron_hoe":1,"stat.useItem.poppiecraft.Redstone_pickaxe":4,"achievement.openInventory":9,"stat.damageTaken":450,"stat.mineBlock.minecraft.quartz_block":8,"stat.flyOneCm":262,"stat.deaths":1,"stat.drop":1,"stat.pickup.minecraft.quartz_block":8,"stat.playOneMinute":4392,"stat.timeSinceDeath":339,"stat.useItem.minecraft.iron_pickaxe":4,"stat.mineBlock.minecraft.dirt":10,"stat.useItem.minecraft.iron_shovel":5}