{"stat.walkOneCm":4315,"stat.useItem.minecraft.quartz_block":2,"stat.leaveGame":5,"stat.pickup.poppiecraft.Pironnite_block":3,"stat.jump":11,"stat.craftItem.poppiecraft.Emerald_boots":1,"stat.crouchOneCm":11,"stat.useItem.poppiecraft.Pironnite_block":10,"stat.sprintOneCm":1119,"achievement.exploreAllBiomes":{"value":0,"progress":["Desert"]},"stat.useItem.poppiecraft.Emerald_pickaxe":5,"stat.craftingTableInteraction":1,"stat.useItem.poppiecraft.Carbon_block":1,"achievement.openInventory":9,"stat.useItem.poppiecraft.Compressed_iron_block":4,"stat.mineBlock.minecraft.quartz_block":2,"stat.flyOneCm":3701,"stat.pickup.minecraft.lever":1,"stat.useItem.poppiecraft.Melter":1,"stat.pickup.minecraft.quartz_block":2,"stat.playOneMinute":3788,"stat.useItem.poppiecraft.Poppie_block":1,"stat.sneakTime":16,"stat.timeSinceDeath":3788,"stat.useItem.poppiecraft.Steel_block":1}