{"stat.useItem.minecraft.stone":3,"stat.leaveGame":3,"stat.pickup.poppiecraft.Speed_fragment":3,"stat.useItem.minecraft.diamond_sword":72,"stat.craftItem.minecraft.diamond_sword":1,"stat.jump":45,"stat.pickup.minecraft.iron_ingot":3,"achievement.buildWorkBench":1,"stat.pickup.minecraft.porkchop":8,"achievement.exploreAllBiomes":{"value":0,"progress":["Desert"]},"stat.craftingTableInteraction":5,"stat.pickup.minecraft.rotten_flesh":2,"stat.damageTaken":135,"stat.pickup.minecraft.feather":1,"stat.useItem.poppiecraft.Emerald_sword":2,"stat.pickup.minecraft.planks":3,"stat.flyOneCm":13053,"stat.pickup.poppiecraft.Basic_soul":24,"achievement.buildPickaxe":2,"stat.damageDealt":8520,"achievement.buildBetterPickaxe":1,"stat.killEntity.poppiecraft.Speedster":4,"stat.timeSinceDeath":14440,"stat.useItem.minecraft.spawn_egg":2,"stat.killEntity.Pig":1,"stat.craftItem.minecraft.wooden_pickaxe":1,"stat.walkOneCm":13329,"stat.useItem.minecraft.torch":4,"stat.pickup.minecraft.stick":5,"stat.craftItem.minecraft.crafting_table":1,"stat.pickup.minecraft.wooden_sword":28,"stat.pickup.poppiecraft.Speedster_flesh":6,"stat.pickup.minecraft.log":1,"stat.pickup.minecraft.chicken":1,"achievement.buildSword":2,"stat.pickup.minecraft.leather_helmet":18,"achievement.mineWood":1,"stat.sprintOneCm":12787,"achievement.openInventory":20,"stat.craftItem.minecraft.planks":4,"stat.killEntity.Chicken":1,"stat.itemEnchanted":43,"stat.mobKills":9,"achievement.killEnemy":4,"stat.useItem.poppiecraft.Generator_block_basic":1,"stat.pickup.minecraft.diamond":2,"stat.playOneMinute":14440,"stat.useItem.minecraft.wooden_sword":1,"stat.craftItem.minecraft.iron_pickaxe":1,"stat.killEntity.Zombie":3}