{"stat.chestOpened":1,"stat.walkOneCm":3881,"achievement.openInventory":2,"stat.leaveGame":3,"stat.pickup.poppiecraft.Speed_fragment":1,"stat.useItem.poppiecraft.Emerald_sword":3,"stat.mobKills":1,"stat.pickup.poppiecraft.Speedster_flesh":4,"stat.flyOneCm":737,"stat.jump":11,"stat.playOneMinute":1920,"stat.fallOneCm":209,"stat.sneakTime":46,"stat.damageDealt":400,"stat.timeSinceDeath":1920,"stat.hopperInspected":1,"stat.sprintOneCm":244,"stat.pickup.minecraft.experience_bottle":1,"achievement.exploreAllBiomes":{"value":0,"progress":["Desert"]},"stat.pickup.minecraft.mutton":1}