{"stat.walkOneCm":2003,"stat.pickup.poppiecraft.Generator_block_basic":1,"achievement.openInventory":2,"stat.leaveGame":2,"stat.useItem.poppiecraft.Generator_block_basic":4,"stat.pickup.minecraft.redstone_block":1,"stat.playOneMinute":12465,"stat.pickup.poppiecraft.Burning_carbon":1,"stat.sneakTime":24,"stat.crouchOneCm":77,"stat.timeSinceDeath":12465,"stat.sprintOneCm":331,"achievement.exploreAllBiomes":{"value":0,"progress":["Desert"]},"stat.pickup.poppiecraft.Melter":1,"stat.pickup.poppiecraft.Compressed_iron":30}