{"stat.pickup.minecraft.rotten_flesh":3,"stat.useItem.minecraft.splash_potion":1,"stat.killEntity.Skeleton":1,"stat.walkOneCm":12814,"stat.pickup.poppiecraft.Redstone_gem":2,"achievement.openInventory":15,"stat.leaveGame":1,"stat.useItem.minecraft.wooden_button":1,"stat.damageTaken":700,"stat.useItem.poppiecraft.Emerald_sword":7,"stat.pickup.poppiecraft.Emerald_axe":1,"stat.mobKills":4,"stat.pickup.minecraft.wooden_button":1,"stat.useItem.minecraft.bucket":2,"stat.pickup.poppiecraft.Emerald_sword":1,"stat.useItem.minecraft.rotten_flesh":2,"stat.flyOneCm":7804,"stat.jump":14,"stat.swimOneCm":889,"stat.playOneMinute":4712,"stat.damageDealt":387,"stat.killEntity.Zombie":2,"stat.timeSinceDeath":4712,"stat.sprintOneCm":7017,"achievement.exploreAllBiomes":{"value":0,"progress":["Desert"]},"stat.pickup.poppiecraft.Redstone_helmet":1,"stat.useItem.minecraft.water_bucket":2}