{"stat.pickup.minecraft.rotten_flesh":1,"stat.walkOneCm":9201,"stat.useItem.minecraft.quartz_block":40,"achievement.openInventory":1,"stat.leaveGame":2,"stat.damageTaken":900,"stat.pickup.poppiecraft.Speed_fragment":2,"stat.pickup.poppiecraft.Speedster_flesh":4,"stat.flyOneCm":14521,"stat.deaths":2,"stat.pickup.minecraft.diamond_sword":2,"stat.useItem.poppiecraft.Melter":1,"stat.jump":58,"stat.playOneMinute":6028,"stat.pickup.minecraft.torch":1,"stat.sneakTime":466,"stat.pickup.minecraft.stone":1,"stat.crouchOneCm":1008,"stat.timeSinceDeath":5689,"stat.sprintOneCm":5423,"achievement.exploreAllBiomes":{"value":0,"progress":["Desert"]},"stat.entityKilledBy.poppiecraft.Speedster":2}