{"stat.walkOneCm":2701,"achievement.openInventory":5,"stat.leaveGame":1,"stat.drop.poppiecraft.Burning_carbon":1,"stat.useItem.poppiecraft.Generator_block_basic":2,"stat.flyOneCm":5208,"stat.drop":2,"stat.jump":3,"stat.playOneMinute":2020,"stat.pickup.minecraft.enchanted_book":1,"stat.pickup.poppiecraft.Advanced_generator_breaker":1,"stat.sneakTime":11,"stat.pickup.poppiecraft.Burning_carbon":1,"stat.drop.minecraft.quartz_block":1,"stat.pickup.poppiecraft.Basic_spirit":1,"stat.pickup.minecraft.gunpowder":59,"stat.pickup.minecraft.stone":64,"stat.crouchOneCm":135,"stat.timeSinceDeath":2020,"stat.sprintOneCm":159,"achievement.exploreAllBiomes":{"value":0,"progress":["Desert"]},"stat.pickup.poppiecraft.Loot_upgrade":1,"stat.pickup.poppiecraft.Carbon_block":63,"stat.pickup.minecraft.iron_ore":64}