{"stat.pickup.poppiecraft.Emerald_helmet":1,"stat.walkOneCm":19766,"achievement.openInventory":16,"stat.leaveGame":1,"stat.killEntity.Spider":2,"stat.damageTaken":900,"stat.useItem.poppiecraft.Emerald_sword":18,"stat.mobKills":5,"stat.pickup.minecraft.diamond_chestplate":1,"stat.pickup.minecraft.diamond_boots":1,"stat.killEntity.Creeper":2,"stat.pickup.minecraft.diamond_leggings":1,"stat.pickup.minecraft.string":4,"stat.flyOneCm":12292,"stat.pickup.poppiecraft.Emerald_chestplate":1,"stat.deaths":2,"stat.jump":47,"stat.playOneMinute":8917,"stat.pickup.poppiecraft.Emerald_leggings":1,"stat.useItem.minecraft.cooked_beef":2,"stat.sneakTime":20,"stat.pickup.poppiecraft.Emerald_boots":1,"stat.damageDealt":2915,"stat.pickup.minecraft.gunpowder":2,"stat.crouchOneCm":23,"stat.timeSinceDeath":848,"stat.pickup.minecraft.spider_eye":1,"stat.pickup.poppiecraft.Darker_flesh":2,"stat.sprintOneCm":7989,"achievement.exploreAllBiomes":{"value":0,"progress":["Desert"]},"stat.pickup.minecraft.cooked_beef":63,"stat.pickup.poppiecraft.Darkness_fragment":1}