{"stat.walkOneCm":4295,"stat.pickup.minecraft.splash_potion":5,"achievement.openInventory":7,"stat.pickup.minecraft.mushroom_stew":3,"stat.pickup.minecraft.potion":1,"stat.leaveGame":2,"stat.craftItem.poppiecraft.Generator_power":1,"stat.damageTaken":360,"stat.pickup.minecraft.beetroot_soup":4,"stat.flyOneCm":8210,"stat.pickup.minecraft.glass_bottle":1,"stat.deaths":1,"stat.jump":4,"stat.playOneMinute":3517,"stat.pickup.minecraft.iron_helmet":1,"stat.pickup.minecraft.enchanted_book":1,"stat.sneakTime":44,"stat.damageDealt":16,"stat.crouchOneCm":221,"stat.timeSinceDeath":0,"stat.sprintOneCm":1552,"stat.pickup.minecraft.iron_chestplate":1,"achievement.exploreAllBiomes":{"value":0,"progress":["Desert"]},"stat.pickup.minecraft.iron_boots":1,"stat.craftingTableInteraction":1}