{"stat.pickup.minecraft.rotten_flesh":1,"stat.killEntity.Skeleton":1,"stat.walkOneCm":8059,"stat.pickup.minecraft.bone":1,"stat.pickup.poppiecraft.Generator_block_basic":1,"achievement.openInventory":8,"stat.pickup.poppiecraft.Advanced_soul":2,"stat.useItem.minecraft.barrier":1,"stat.killEntity.Chicken":1,"stat.leaveGame":2,"stat.pickup.minecraft.arrow":2,"stat.pickup.minecraft.leather":4,"stat.killEntity.Spider":3,"stat.pickup.minecraft.feather":1,"stat.useItem.poppiecraft.Emerald_sword":13,"stat.mobKills":8,"stat.pickup.poppiecraft.Emerald_sword":1,"stat.pickup.minecraft.string":5,"stat.flyOneCm":20129,"stat.pickup.poppiecraft.Basic_soul":1,"stat.drop":1,"stat.jump":94,"stat.playOneMinute":3347,"stat.useItem.minecraft.wooden_sword":3,"stat.drop.poppiecraft.Emerald_sword":1,"stat.pickup.minecraft.beef":3,"stat.sneakTime":122,"stat.damageDealt":1081,"stat.crouchOneCm":370,"stat.pickup.minecraft.chicken":1,"stat.killEntity.Zombie":1,"stat.timeSinceDeath":3347,"stat.pickup.minecraft.spider_eye":2,"stat.killEntity.Cow":2,"stat.sprintOneCm":9038,"stat.useItem.minecraft.spawn_egg":3,"achievement.exploreAllBiomes":{"value":0,"progress":["Desert"]}}