{"stat.craftItem.poppiecraft.Carboningot":9,"stat.flyOneCm":633,"stat.walkOneCm":1950,"stat.jump":2,"stat.playOneMinute":920,"achievement.openInventory":4,"stat.mineBlock.poppiecraft.PironniteoreOV":1,"stat.leaveGame":1,"stat.timeSinceDeath":920,"stat.useItem.poppiecraft.PironniteoreOV":1,"stat.sprintOneCm":447,"stat.craftItem.poppiecraft.Carbonblock":1,"achievement.exploreAllBiomes":{"value":0,"progress":["Desert"]},"stat.useItem.poppiecraft.Emerald_pickaxe":1,"stat.pickup.poppiecraft.PironniteoreOV":1,"stat.craftingTableInteraction":1}