{"stat.walkOneCm":10685,"stat.useItem.minecraft.quartz_block":7,"achievement.openInventory":9,"stat.leaveGame":4,"stat.furnaceInteraction":1,"stat.useItem.poppiecraft.Generator_block_basic":1,"stat.flyOneCm":34533,"stat.jump":126,"stat.playOneMinute":17685,"stat.sneakTime":1760,"stat.crouchOneCm":4183,"stat.timeSinceDeath":17685,"stat.useItem.minecraft.coal_ore":1,"stat.sprintOneCm":8723,"achievement.exploreAllBiomes":{"value":0,"progress":["Desert"]},"stat.useItem.poppiecraft.Emerald_pickaxe":2}