{"stat.pickup.poppiecraft.Emerald_helmet":1,"stat.pickup.poppiecraft.Glowstone_hoe":1,"stat.pickup.poppiecraft.Lapis_pickaxe":1,"stat.pickup.poppiecraft.Quartz_shovel":1,"stat.pickup.poppiecraft.Redstone_gem":1,"stat.pickup.poppiecraft.Quartz_gem":1,"stat.mineBlock.minecraft.stone_button":3,"stat.leaveGame":3,"stat.pickup.poppiecraft.Redstone_shovel":1,"stat.pickup.poppiecraft.Emerald_axe":1,"stat.useItem.poppiecraft.Pironnite_ore_N":1,"stat.pickup.poppiecraft.Emerald_sword":1,"stat.jump":44,"stat.fallOneCm":753,"stat.pickup.poppiecraft.Glowstone_axe":1,"stat.crouchOneCm":30,"stat.useItem.poppiecraft.Pironnite_block":1,"stat.pickup.poppiecraft.Obsidian_helmet":1,"stat.useItem.minecraft.stone_button":3,"stat.pickup.poppiecraft.Redstone_hoe":1,"achievement.exploreAllBiomes":{"value":0,"progress":["Desert"]},"stat.craftingTableInteraction":1,"stat.pickup.poppiecraft.Emerald_shovel":1,"stat.pickup.poppiecraft.Emerald_hoe":1,"stat.pickup.poppiecraft.Obsidian_chestplate":1,"stat.damageTaken":212,"stat.pickup.poppiecraft.Redstone_sword":1,"stat.pickup.poppiecraft.Lapis_axe":1,"stat.pickup.poppiecraft.Obsidian_boots":1,"stat.flyOneCm":5828,"stat.useItem.poppiecraft.Pironnite_ore_OW":1,"stat.pickup.poppiecraft.Obsidian_pickaxe":1,"stat.useItem.minecraft.cooked_beef":1,"stat.timeSinceDeath":15654,"stat.useItem.poppiecraft.Mefferite_ore":1,"stat.pickup.minecraft.stained_hardened_clay":4,"stat.useItem.poppiecraft.Steel_block":1,"stat.walkOneCm":56372,"stat.pickup.minecraft.stick":2,"stat.pickup.poppiecraft.Lapis_hoe":1,"stat.pickup.poppiecraft.Lapis_shovel":1,"stat.pickup.poppiecraft.Obsidian_hoe":1,"stat.pickup.poppiecraft.Glowstone_pickaxe":1,"stat.pickup.poppiecraft.Lapis_gem":1,"stat.useItem.poppiecraft.Alzanite_ore":2,"stat.pickup.poppiecraft.Quartz_pickaxe":1,"stat.pickup.poppiecraft.Emerald_leggings":1,"stat.useItem.minecraft.item_frame":56,"stat.pickup.poppiecraft.Emerald_boots":1,"stat.pickup.poppiecraft.Emerald_pickaxe":2,"stat.useItem.minecraft.stained_hardened_clay":27,"stat.useItem.poppiecraft.Ragmarite_ore":1,"stat.pickup.poppiecraft.Quartz_sword":1,"stat.mineBlock.minecraft.stained_hardened_clay":4,"stat.useItem.poppiecraft.Carbon_ore":1,"stat.sprintOneCm":17039,"stat.pickup.poppiecraft.Obsidian_leggings":1,"stat.pickup.poppiecraft.Redstone_pickaxe":1,"stat.useItem.poppiecraft.Emerald_pickaxe":4,"stat.useItem.poppiecraft.Carbon_block":1,"achievement.openInventory":35,"stat.pickup.poppiecraft.Redstone_axe":1,"stat.pickup.poppiecraft.Quartz_axe":1,"stat.useItem.poppiecraft.Compressed_iron_block":1,"stat.pickup.poppiecraft.Glowstone_shovel":1,"stat.pickup.poppiecraft.Lapis_sword":1,"stat.pickup.poppiecraft.Emerald_chestplate":1,"stat.playOneMinute":15654,"stat.useItem.poppiecraft.Poppie_block":1,"stat.pickup.minecraft.stone_button":3,"stat.sneakTime":129,"stat.pickup.poppiecraft.Glowstone_gem":1,"stat.pickup.minecraft.item_frame":34,"stat.pickup.poppiecraft.Glowstone_sword":1,"stat.pickup.poppiecraft.Quartz_hoe":2}