{"stat.drop.poppiecraft.Advanced_spirit":1,"stat.flyOneCm":1215,"stat.walkOneCm":5798,"stat.useItem.poppiecraft.Melter":4,"stat.drop":1,"stat.jump":7,"stat.useItem.minecraft.quartz_block":2,"stat.playOneMinute":3358,"stat.useItem.minecraft.redstone_block":1,"achievement.openInventory":3,"stat.leaveGame":1,"stat.timeSinceDeath":3358,"stat.pickup.poppiecraft.Advanced_spirit":1,"stat.sprintOneCm":1424,"achievement.exploreAllBiomes":{"value":0,"progress":["Desert"]},"stat.pickup.poppiecraft.Loot_upgrade":1,"stat.pickup.poppiecraft.Melter":130,"stat.useItem.poppiecraft.Generator_block_basic":4}