{"stat.pickup.minecraft.tripwire_hook":1,"stat.walkOneCm":2758,"stat.pickup.minecraft.quartz_block":1,"stat.jump":1,"stat.playOneMinute":2340,"stat.pickup.poppiecraft.Generator_block_basic":1,"achievement.openInventory":5,"stat.useItem.minecraft.redstone_block":1,"stat.pickup.minecraft.enchanted_book":1,"stat.leaveGame":1,"stat.sneakTime":7,"stat.crouchOneCm":12,"stat.timeSinceDeath":2340,"stat.pickup.poppiecraft.Advanced_spirit":1,"stat.pickup.minecraft.dirt":3,"stat.pickup.poppiecraft.Generator_block_advanced":1,"achievement.exploreAllBiomes":{"value":0,"progress":["Desert"]},"stat.pickup.poppiecraft.Loot_upgrade":2,"stat.pickup.poppiecraft.Melter":44,"stat.useItem.poppiecraft.Generator_block_basic":3,"stat.pickup.minecraft.redstone_block":1}