{"stat.flyOneCm":1693,"stat.pickup.poppiecraft.Basic_soul":7,"stat.walkOneCm":3814,"stat.jump":7,"stat.useItem.minecraft.quartz_block":1,"stat.playOneMinute":1701,"achievement.openInventory":6,"stat.useItem.minecraft.wooden_sword":5,"stat.killEntity.Chicken":2,"stat.leaveGame":1,"stat.pickup.minecraft.feather":2,"stat.damageDealt":180,"stat.pickup.minecraft.porkchop":2,"stat.pickup.minecraft.chicken":2,"stat.timeSinceDeath":1701,"stat.useItem.poppiecraft.Emerald_sword":1,"stat.sprintOneCm":2725,"stat.mobKills":3,"stat.useItem.minecraft.spawn_egg":3,"stat.killEntity.Pig":1,"achievement.exploreAllBiomes":{"value":0,"progress":["Desert"]}}