{"stat.craftItem.poppiecraft.Darkness_fragment":9,"stat.craftItem.poppiecraft.Speed_element":5,"stat.craftItem.poppiecraft.Jump_element":4,"stat.walkOneCm":395,"stat.jump":1,"stat.playOneMinute":2193,"achievement.openInventory":1,"stat.craftItem.poppiecraft.Speed_fragment":9,"stat.craftItem.poppiecraft.Darkness_element":5,"stat.leaveGame":1,"stat.craftItem.poppiecraft.Steel_power":1,"stat.craftItem.poppiecraft.Jump_fragment":27,"stat.pickup.poppiecraft.Jump_fragment":32,"stat.timeSinceDeath":2193,"stat.pickup.poppiecraft.Speed_fragment":19,"stat.sprintOneCm":1078,"achievement.exploreAllBiomes":{"value":0,"progress":["Desert"]},"stat.pickup.poppiecraft.Darkness_fragment":16,"stat.craftingTableInteraction":4}