{"stat.drop.minecraft.milk_bucket":1,"stat.flyOneCm":112066,"stat.walkOneCm":6481,"stat.drop":3,"stat.jump":24,"stat.playOneMinute":6407,"stat.drop.minecraft.item_frame":1,"stat.useItem.minecraft.item_frame":1,"stat.useItem.minecraft.milk_bucket":1,"stat.leaveGame":1,"stat.sneakTime":114,"stat.damageDealt":2500,"stat.crouchOneCm":424,"stat.drop.poppiecraft.Redstone_gem":1,"stat.timeSinceDeath":6407,"stat.useItem.poppiecraft.Emerald_sword":18,"stat.pickup.poppiecraft.Darker_flesh":4,"stat.sprintOneCm":2219,"stat.mobKills":2,"achievement.exploreAllBiomes":{"value":0,"progress":["Desert"]},"stat.pickup.poppiecraft.Darkness_fragment":2}