{"stat.drop.minecraft.repeater":62,"stat.flyOneCm":2183,"stat.walkOneCm":3240,"stat.drop":5,"stat.jump":8,"stat.playOneMinute":5483,"stat.fallOneCm":418,"achievement.openInventory":6,"stat.pickup.poppiecraft.Generator_power":1,"stat.leaveGame":1,"stat.craftItem.poppiecraft.Generator_power":1,"stat.drop.poppiecraft.Generator_power":2,"stat.drop.minecraft.comparator":63,"stat.timeSinceDeath":5483,"stat.drop.minecraft.redstone":59,"stat.sprintOneCm":2974,"achievement.exploreAllBiomes":{"value":0,"progress":["Desert"]},"stat.craftingTableInteraction":1}