{"stat.pickup.poppiecraft.Basic_soul":1,"stat.walkOneCm":2401,"stat.playOneMinute":1076,"achievement.openInventory":8,"stat.useItem.minecraft.wooden_sword":2,"stat.leaveGame":1,"stat.sneakTime":14,"stat.damageDealt":200,"stat.crouchOneCm":23,"stat.timeSinceDeath":1076,"stat.killEntity.Squid":2,"stat.sprintOneCm":720,"stat.mobKills":2,"stat.useItem.minecraft.spawn_egg":4,"achievement.exploreAllBiomes":{"value":0,"progress":["Desert"]},"stat.pickup.minecraft.dye":3,"stat.pickup.minecraft.wooden_sword":1,"stat.pickup.poppiecraft.Emerald_sword":1}