{"stat.pickup.poppiecraft.Emerald_helmet":1,"stat.pickup.poppiecraft.Redstone_boots":1,"stat.walkOneCm":21962,"stat.pickup.minecraft.armor_stand":7,"stat.pickup.poppiecraft.Redstone_leggings":1,"stat.leaveGame":2,"stat.pickup.poppiecraft.Lapis_leggings":1,"stat.useItem.minecraft.armor_stand":9,"stat.pickup.poppiecraft.Glowstone_leggings":1,"stat.pickup.poppiecraft.Lapis_boots":1,"stat.pickup.poppiecraft.Glowstone_chestplate":1,"stat.jump":85,"stat.pickup.poppiecraft.Emerald_leggings":1,"stat.useItem.minecraft.item_frame":8,"stat.pickup.poppiecraft.Emerald_boots":1,"stat.pickup.poppiecraft.Lapis_helmet":1,"stat.useItem.minecraft.stained_hardened_clay":8,"stat.pickup.poppiecraft.Glowstone_boots":1,"stat.pickup.poppiecraft.Obsidian_helmet":1,"stat.sprintOneCm":3588,"stat.pickup.poppiecraft.Obsidian_leggings":2,"achievement.exploreAllBiomes":{"value":0,"progress":["Desert"]},"stat.pickup.minecraft.rotten_flesh":2,"stat.pickup.poppiecraft.Quartz_helmet":1,"stat.pickup.poppiecraft.Quartz_leggings":1,"stat.pickup.poppiecraft.Redstone_chestplate":1,"achievement.openInventory":30,"stat.pickup.poppiecraft.Obsidian_chestplate":1,"stat.damageTaken":375,"stat.pickup.poppiecraft.Quartz_chestplate":1,"stat.mobKills":3,"stat.pickup.poppiecraft.Obsidian_boots":1,"stat.pickup.poppiecraft.Emerald_chestplate":1,"stat.flyOneCm":6685,"stat.playOneMinute":7620,"stat.pickup.poppiecraft.Quartz_boots":1,"stat.damageDealt":364,"stat.killEntity.Zombie":3,"stat.timeSinceDeath":7620,"stat.pickup.poppiecraft.Redstone_helmet":1,"stat.pickup.poppiecraft.Lapis_chestplate":1,"stat.pickup.poppiecraft.Glowstone_helmet":1}