{"stat.flyOneCm":8557,"stat.walkOneCm":11998,"stat.drop":64,"stat.jump":28,"stat.playOneMinute":3589,"achievement.openInventory":5,"stat.useItem.minecraft.cooked_beef":2,"stat.leaveGame":1,"stat.drop.minecraft.cooked_beef":62,"stat.damageTaken":490,"stat.damageDealt":1469,"stat.drop.minecraft.bucket":1,"stat.drop.poppiecraft.Darker_flesh":63,"stat.timeSinceDeath":3589,"stat.useItem.poppiecraft.Emerald_sword":17,"stat.sprintOneCm":8120,"stat.mobKills":1,"stat.useItem.poppiecraft.Darker_flesh":1,"achievement.exploreAllBiomes":{"value":0,"progress":["Desert"]}}