{"stat.craftItem.poppiecraft.Speed_element":1,"stat.flyOneCm":1778,"stat.walkOneCm":7042,"stat.drop":1,"stat.jump":36,"stat.playOneMinute":2718,"achievement.openInventory":8,"stat.craftItem.poppiecraft.Speed_fragment":9,"stat.leaveGame":1,"stat.pickup.poppiecraft.Speed_element":4,"stat.damageDealt":4400,"stat.timeSinceDeath":2718,"stat.pickup.poppiecraft.Speed_fragment":11,"stat.useItem.poppiecraft.Emerald_sword":41,"stat.mobKills":11,"stat.sprintOneCm":2441,"achievement.exploreAllBiomes":{"value":0,"progress":["Desert"]},"stat.drop.poppiecraft.Speed_element":1,"stat.craftingTableInteraction":1}