{"stat.flyOneCm":3807,"stat.deaths":1,"stat.walkOneCm":686,"stat.jump":12,"stat.playOneMinute":17360,"achievement.openInventory":6,"stat.fallOneCm":418,"stat.pickup.poppiecraft.Coal_chestplate":1,"stat.leaveGame":3,"stat.damageTaken":280,"stat.timeSinceDeath":399,"stat.pickup.poppiecraft.Coal_leggings":1,"stat.sprintOneCm":1977,"stat.pickup.poppiecraft.Coal_boots":1,"achievement.exploreAllBiomes":{"value":0,"progress":["Desert"]},"stat.pickup.minecraft.cooked_beef":49,"stat.pickup.poppiecraft.Coal_helmet":1}