{"stat.useItem.minecraft.anvil":1,"stat.pickup.poppiecraft.Steel_nugget":9,"stat.flyOneCm":4060,"stat.walkOneCm":1118,"stat.useItem.minecraft.quartz_block":2,"stat.jump":1,"stat.playOneMinute":8542,"achievement.openInventory":6,"stat.leaveGame":1,"stat.sneakTime":10,"stat.brewingstandInteraction":2,"stat.craftItem.poppiecraft.Steel_nugget":1,"stat.craftItem.poppiecraft.Compressed_iron_bottle":3,"stat.crouchOneCm":26,"stat.timeSinceDeath":8542,"stat.useItem.minecraft.crafting_table":1,"stat.sprintOneCm":1407,"achievement.exploreAllBiomes":{"value":0,"progress":["Desert"]},"stat.craftingTableInteraction":2}