{"stat.walkOneCm":3745,"achievement.openInventory":10,"stat.pickup.poppiecraft.Coal_chestplate":1,"stat.leaveGame":2,"stat.damageTaken":199,"stat.pickup.minecraft.bucket":1,"stat.useItem.poppiecraft.Emerald_sword":6,"stat.mobKills":1,"stat.pickup.poppiecraft.Coal_boots":1,"stat.pickup.poppiecraft.Emerald_sword":1,"stat.flyOneCm":829,"stat.deaths":1,"stat.jump":18,"stat.playOneMinute":3167,"stat.useItem.minecraft.milk_bucket":1,"stat.damageDealt":690,"stat.timeSinceDeath":1184,"stat.pickup.poppiecraft.Coal_leggings":1,"stat.sprintOneCm":2723,"achievement.exploreAllBiomes":{"value":0,"progress":["Desert"]},"stat.pickup.minecraft.cooked_beef":49}