{"stat.pickup.poppiecraft.Emerald_helmet":1,"stat.pickup.minecraft.barrier":64,"stat.walkOneCm":9853,"achievement.openInventory":9,"stat.useItem.minecraft.egg":1,"stat.killEntity.Chicken":4,"stat.leaveGame":1,"stat.pickup.minecraft.feather":4,"stat.pickup.minecraft.leather":3,"stat.pickup.poppiecraft.Speed_fragment":2,"stat.useItem.poppiecraft.Emerald_sword":1,"stat.mobKills":6,"stat.pickup.poppiecraft.Speedster_flesh":2,"stat.pickup.poppiecraft.Emerald_sword":1,"stat.flyOneCm":17051,"stat.pickup.poppiecraft.Emerald_chestplate":1,"stat.pickup.poppiecraft.Basic_soul":9,"stat.jump":24,"stat.pickup.minecraft.egg":2,"stat.playOneMinute":3757,"stat.pickup.poppiecraft.Emerald_leggings":1,"stat.pickup.minecraft.enchanted_book":1,"stat.useItem.minecraft.wooden_sword":9,"stat.pickup.minecraft.beef":4,"stat.sneakTime":28,"stat.pickup.poppiecraft.Emerald_boots":1,"stat.damageDealt":370,"stat.pickup.minecraft.chicken":5,"stat.timeSinceDeath":3757,"stat.killEntity.Cow":2,"stat.sprintOneCm":8599,"stat.useItem.minecraft.spawn_egg":6,"achievement.exploreAllBiomes":{"value":0,"progress":["Desert"]}}