{"stat.walkOneCm":10912,"stat.killEntity.EntityHorse":12,"achievement.openInventory":9,"stat.pickup.poppiecraft.Advanced_soul":2,"stat.leaveGame":3,"stat.damageTaken":18,"stat.pickup.minecraft.leather":15,"stat.killEntity.Wolf":2,"stat.useItem.poppiecraft.Emerald_sword":13,"stat.mobKills":14,"stat.useItem.poppiecraft.Generator_block":3,"stat.drop.poppiecraft.Generator_block":189,"stat.flyOneCm":210,"stat.useItem.poppiecraft.Melter":4,"stat.drop":3,"stat.jump":6,"stat.playOneMinute":6419,"stat.useItem.minecraft.wooden_sword":6,"stat.damageDealt":2730,"stat.timeSinceDeath":6419,"stat.sprintOneCm":7153,"stat.useItem.minecraft.spawn_egg":14,"achievement.exploreAllBiomes":{"value":0,"progress":["Desert"]}}