{"stat.flyOneCm":12621,"stat.walkOneCm":4169,"stat.jump":64,"stat.playOneMinute":2854,"achievement.openInventory":5,"stat.mineBlock.poppiecraft.PironniteoreOW":1,"stat.leaveGame":1,"stat.pickup.poppiecraft.PironniteoreN":1,"stat.sneakTime":395,"stat.furnaceInteraction":1,"stat.mineBlock.poppiecraft.PironniteoreN":1,"stat.crouchOneCm":1249,"stat.timeSinceDeath":2854,"stat.sprintOneCm":4683,"stat.useItem.poppiecraft.PironniteoreOW":1,"stat.useItem.poppiecraft.PironniteoreN":1,"achievement.exploreAllBiomes":{"value":0,"progress":["Desert"]},"stat.useItem.poppiecraft.Emerald_pickaxe":2,"stat.pickup.poppiecraft.PironniteoreOW":1}