{"stat.flyOneCm":11977,"stat.walkOneCm":13862,"stat.drop.poppiecraft.Four_leaf_clover":1,"stat.pickup.minecraft.wheat_seeds":18,"stat.drop":2,"stat.jump":49,"stat.pickup.minecraft.egg":1,"stat.swimOneCm":539,"stat.playOneMinute":3585,"stat.fallOneCm":420,"stat.drop.minecraft.wheat_seeds":26,"achievement.openInventory":1,"stat.pickup.poppiecraft.Four_leaf_clover":1,"stat.pickup.minecraft.red_flower":1,"stat.leaveGame":1,"stat.mineBlock.minecraft.red_flower":1,"stat.timeSinceDeath":3585,"stat.mineBlock.minecraft.double_plant":1,"stat.sprintOneCm":26237,"achievement.exploreAllBiomes":{"value":0,"progress":["Beach","Forest","River","Plains"]},"stat.mineBlock.minecraft.tallgrass":172,"stat.diveOneCm":813}