{"stat.walkOneCm":3983,"stat.useItem.minecraft.quartz_block":8,"stat.leaveGame":3,"stat.useItem.poppiecraft.Redstone_shovel":5,"stat.jump":6,"stat.useItem.poppiecraft.Redstone_hoe":1,"stat.useItem.minecraft.dirt":10,"stat.pickup.minecraft.dirt":10,"stat.sprintOneCm":817,"achievement.exploreAllBiomes":{"value":0,"progress":["Desert"]},"stat.useItem.minecraft.iron_hoe":1,"stat.useItem.poppiecraft.Redstone_pickaxe":4,"achievement.openInventory":8,"stat.mineBlock.minecraft.quartz_block":8,"stat.flyOneCm":182,"stat.drop":1,"stat.pickup.minecraft.quartz_block":8,"stat.playOneMinute":3145,"stat.timeSinceDeath":3145,"stat.useItem.minecraft.iron_pickaxe":4,"stat.mineBlock.minecraft.dirt":10,"stat.useItem.minecraft.iron_shovel":5}