{"stat.walkOneCm":4272,"stat.useItem.minecraft.quartz_block":2,"stat.useItem.poppiecraft.Carbon_block":1,"achievement.openInventory":8,"stat.leaveGame":4,"stat.useItem.poppiecraft.Compressed_iron_block":4,"stat.pickup.poppiecraft.Pironnite_block":3,"stat.mineBlock.minecraft.quartz_block":2,"stat.flyOneCm":3701,"stat.pickup.minecraft.lever":1,"stat.useItem.poppiecraft.Melter":1,"stat.pickup.minecraft.quartz_block":2,"stat.jump":11,"stat.playOneMinute":3256,"stat.useItem.poppiecraft.Poppie_block":1,"stat.sneakTime":16,"stat.crouchOneCm":11,"stat.timeSinceDeath":3256,"stat.useItem.poppiecraft.Pironnite_block":10,"stat.sprintOneCm":1119,"achievement.exploreAllBiomes":{"value":0,"progress":["Desert"]},"stat.useItem.poppiecraft.Emerald_pickaxe":5,"stat.useItem.poppiecraft.Steel_block":1}