{"stat.pickup.poppiecraft.Emerald_helmet":3,"stat.pickup.poppiecraft.Redstone_boots":3,"stat.walkOneCm":44599,"stat.drop.poppiecraft.Lapis_gem":63,"stat.pickup.poppiecraft.Redstone_leggings":3,"stat.drop.poppiecraft.Glowstone_gem":63,"stat.leaveGame":2,"stat.pickup.poppiecraft.Lapis_leggings":3,"stat.pickup.poppiecraft.Coal_boots":1,"stat.pickup.poppiecraft.Glowstone_leggings":3,"stat.pickup.poppiecraft.Emerald_sword":2,"stat.pickup.poppiecraft.Lapis_boots":3,"stat.pickup.poppiecraft.Glowstone_chestplate":3,"stat.drop.poppiecraft.Four_leaf_clover":63,"stat.jump":100,"stat.pickup.minecraft.iron_helmet":2,"stat.pickup.poppiecraft.Emerald_leggings":3,"stat.useItem.minecraft.item_frame":82,"stat.pickup.poppiecraft.Emerald_boots":3,"stat.pickup.poppiecraft.Lapis_helmet":3,"stat.crouchOneCm":388,"stat.pickup.poppiecraft.Coal_leggings":3,"stat.drop.minecraft.emerald":63,"stat.pickup.poppiecraft.Glowstone_boots":3,"stat.pickup.poppiecraft.Four_leaf_clover_leggings":3,"stat.pickup.poppiecraft.Four_leaf_clover_boots":3,"stat.pickup.poppiecraft.Obsidian_helmet":3,"stat.pickup.poppiecraft.Darker_flesh":63,"stat.sprintOneCm":12472,"stat.pickup.poppiecraft.Obsidian_leggings":1,"stat.pickup.minecraft.iron_chestplate":2,"stat.drop.poppiecraft.Coal_gem":63,"achievement.exploreAllBiomes":{"value":0,"progress":["Desert"]},"stat.useItem.poppiecraft.Emerald_pickaxe":2,"stat.pickup.minecraft.iron_boots":2,"stat.pickup.minecraft.rotten_flesh":2,"stat.pickup.poppiecraft.Quartz_helmet":1,"stat.pickup.poppiecraft.Quartz_leggings":1,"stat.pickup.poppiecraft.Redstone_chestplate":3,"stat.drop.poppiecraft.Quartz_gem":63,"achievement.openInventory":35,"stat.pickup.poppiecraft.Obsidian_chestplate":1,"stat.pickup.poppiecraft.Coal_chestplate":3,"stat.damageTaken":990,"stat.pickup.poppiecraft.Quartz_chestplate":2,"stat.useItem.poppiecraft.Emerald_sword":19,"stat.mobKills":1,"stat.useItem.poppiecraft.Darker_flesh":1,"stat.pickup.poppiecraft.Four_leaf_clover_helmet":1,"stat.pickup.poppiecraft.Obsidian_boots":3,"stat.pickup.poppiecraft.Coal_helmet":3,"stat.pickup.minecraft.iron_leggings":2,"stat.pickup.poppiecraft.Emerald_chestplate":3,"stat.flyOneCm":25248,"stat.deaths":2,"stat.drop":8,"stat.playOneMinute":14754,"stat.pickup.poppiecraft.Four_leaf_clover_chestplate":3,"stat.sneakTime":180,"stat.drop.poppiecraft.Obsidian_gem":63,"stat.damageDealt":1648,"stat.pickup.poppiecraft.Quartz_boots":1,"stat.drop.poppiecraft.Redstone_gem":63,"stat.killEntity.Zombie":1,"stat.timeSinceDeath":7592,"stat.pickup.poppiecraft.Lapis_chestplate":1,"stat.pickup.poppiecraft.Redstone_helmet":3,"stat.pickup.poppiecraft.Glowstone_helmet":3}