{"stat.pickup.minecraft.rotten_flesh":2,"stat.walkOneCm":24430,"achievement.openInventory":7,"stat.leaveGame":2,"stat.damageTaken":524,"stat.pickup.poppiecraft.Speed_fragment":1,"stat.mobKills":3,"stat.useItem.poppiecraft.Darker_flesh":3,"stat.useItem.minecraft.diamond_sword":19,"stat.pickup.poppiecraft.Speedster_flesh":2,"stat.pickup.minecraft.string":2,"stat.flyOneCm":8029,"stat.drop":1,"stat.jump":34,"stat.playOneMinute":8721,"stat.fallOneCm":1920,"stat.useItem.minecraft.milk_bucket":1,"stat.sneakTime":103,"stat.damageDealt":2410,"stat.drop.minecraft.bucket":1,"stat.crouchOneCm":166,"stat.killEntity.poppiecraft.Speedster":1,"stat.timeSinceDeath":8721,"stat.pickup.poppiecraft.Darker_flesh":2,"stat.sprintOneCm":3983,"achievement.exploreAllBiomes":{"value":0,"progress":["Desert"]},"stat.pickup.poppiecraft.Darkness_fragment":1}