{"stat.pickup.minecraft.rotten_flesh":1,"stat.flyOneCm":1626,"stat.pickup.poppiecraft.Basic_soul":3,"stat.walkOneCm":6380,"stat.jump":5,"stat.playOneMinute":2108,"stat.killEntity.Witch":3,"achievement.openInventory":9,"stat.useItem.minecraft.wooden_sword":21,"stat.pickup.poppiecraft.Advanced_soul":2,"stat.leaveGame":1,"stat.damageDealt":1617,"stat.pickup.minecraft.gunpowder":2,"stat.pickup.minecraft.redstone":2,"stat.killEntity.Wolf":3,"stat.killEntity.Zombie":3,"stat.timeSinceDeath":2108,"stat.sprintOneCm":1372,"stat.mobKills":9,"stat.useItem.minecraft.spawn_egg":9,"achievement.exploreAllBiomes":{"value":0,"progress":["Desert"]},"stat.pickup.poppiecraft.Ultimate_soul":1}