{"stat.walkOneCm":1624,"achievement.openInventory":8,"stat.drop.minecraft.wooden_pickaxe":1,"stat.leaveGame":2,"stat.pickup.poppiecraft.Speed_fragment":1,"stat.useItem.poppiecraft.Emerald_sword":3,"stat.mobKills":1,"stat.pickup.poppiecraft.Speedster_flesh":2,"stat.drop":4,"stat.jump":5,"stat.drop.poppiecraft.Emerald_pickaxe":1,"stat.playOneMinute":2419,"stat.drop.poppiecraft.Emerald_sword":1,"stat.drop.minecraft.wooden_sword":1,"stat.damageDealt":400,"stat.timeSinceDeath":2419,"stat.sprintOneCm":611,"achievement.exploreAllBiomes":{"value":0,"progress":["Desert"]}}