{"stat.pickup.minecraft.sand":192,"stat.walkOneCm":4599,"stat.pickup.minecraft.gold_ore":128,"achievement.openInventory":1,"stat.leaveGame":2,"stat.pickup.minecraft.gravel":64,"stat.pickup.minecraft.coal_ore":64,"stat.useItem.poppiecraft.Speedster_flesh":2,"stat.pickup.poppiecraft.Speed_fragment":2,"stat.useItem.poppiecraft.Emerald_sword":6,"stat.pickup.minecraft.lapis_ore":64,"stat.mobKills":2,"stat.pickup.poppiecraft.Speedster_flesh":4,"stat.useItem.poppiecraft.Generator_block_basic":1,"stat.playOneMinute":961,"stat.pickup.minecraft.enchanted_book":1,"stat.damageDealt":800,"stat.pickup.minecraft.stone":576,"stat.pickup.poppiecraft.Basic_spirit":1,"stat.timeSinceDeath":961,"stat.pickup.minecraft.dirt":64,"achievement.exploreAllBiomes":{"value":0,"progress":["Desert"]},"stat.pickup.poppiecraft.Loot_upgrade":1}