{"stat.walkOneCm":8125,"achievement.openInventory":4,"stat.killEntity.Chicken":1,"stat.leaveGame":2,"stat.pickup.minecraft.feather":2,"stat.damageTaken":360,"stat.pickup.poppiecraft.Speed_fragment":1,"stat.mobKills":2,"stat.pickup.poppiecraft.Speedster_flesh":2,"stat.pickup.minecraft.wooden_sword":1,"stat.pickup.poppiecraft.Emerald_sword":1,"stat.pickup.minecraft.spawn_egg":121,"stat.pickup.poppiecraft.Basic_soul":8,"stat.flyOneCm":7751,"stat.deaths":1,"stat.jump":23,"stat.playOneMinute":3232,"stat.useItem.minecraft.wooden_sword":4,"stat.damageDealt":140,"stat.pickup.minecraft.porkchop":1,"stat.pickup.minecraft.chicken":4,"stat.timeSinceDeath":367,"stat.sprintOneCm":3295,"stat.useItem.minecraft.spawn_egg":2,"stat.killEntity.Pig":1,"achievement.exploreAllBiomes":{"value":0,"progress":["Desert"]}}