{"stat.pickup.minecraft.spawn_egg":2,"stat.flyOneCm":4898,"stat.pickup.poppiecraft.Basic_soul":2,"stat.walkOneCm":3634,"stat.jump":4,"stat.playOneMinute":7174,"achievement.openInventory":12,"stat.pickup.minecraft.enchanted_book":2,"stat.pickup.minecraft.beef":65,"stat.leaveGame":1,"stat.sneakTime":13,"stat.pickup.minecraft.leather":4,"stat.pickup.minecraft.feather":12,"stat.crouchOneCm":175,"stat.pickup.minecraft.chicken":20,"stat.timeSinceDeath":7174,"stat.sprintOneCm":986,"stat.pickup.minecraft.experience_bottle":4,"stat.useItem.poppiecraft.Generator_basic":1,"achievement.exploreAllBiomes":{"value":0,"progress":["Desert"]},"stat.pickup.minecraft.cooked_beef":15}