{"stat.walkOneCm":6820,"achievement.openInventory":4,"stat.leaveGame":3,"stat.pickup.minecraft.nether_wart_block":4,"stat.pickup.poppiecraft.Broken_basic_spirit_power":4,"stat.craftItem.poppiecraft.Basic_spirit_power":1,"stat.useItem.minecraft.armor_stand":1,"stat.jump":2,"stat.playOneMinute":5427,"stat.pickup.minecraft.blaze_rod":4,"stat.sneakTime":40,"stat.craftItem.poppiecraft.Broken_basic_spirit_power":1,"stat.timeSinceDeath":5427,"stat.pickup.minecraft.ender_pearl":4,"stat.sprintOneCm":1177,"achievement.exploreAllBiomes":{"value":0,"progress":["Desert"]},"stat.craftingTableInteraction":4}