{"stat.walkOneCm":11345,"stat.jump":4,"stat.useItem.minecraft.quartz_block":1,"stat.playOneMinute":8326,"stat.pickup.minecraft.fish":13,"achievement.openInventory":15,"stat.killEntity.MushroomCow":20,"stat.pickup.minecraft.beef":37,"stat.killEntity.PolarBear":12,"stat.leaveGame":3,"stat.sneakTime":10,"stat.pickup.minecraft.leather":26,"stat.damageDealt":5900,"stat.crouchOneCm":3,"stat.timeSinceDeath":8326,"stat.killEntity.Ozelot":3,"stat.sprintOneCm":1045,"stat.mobKills":35,"stat.useItem.poppiecraft.Generator_basic":3,"stat.useItem.minecraft.spawn_egg":35,"achievement.exploreAllBiomes":{"value":0,"progress":["Desert"]},"stat.useItem.minecraft.diamond_sword":10}