{"stat.flyOneCm":47,"stat.walkOneCm":4379,"stat.pickup.minecraft.diamond":6,"stat.jump":1,"stat.playOneMinute":2831,"achievement.openInventory":6,"stat.pickup.poppiecraft.Pironnite_fragment":5,"stat.mineBlock.minecraft.diamond_ore":3,"stat.useItem.minecraft.diamond_ore":3,"stat.leaveGame":1,"stat.pickup.poppiecraft.Emerald_pickaxe":1,"stat.timeSinceDeath":2831,"stat.mineBlock.poppiecraft.Pironnite_ore_N":5,"stat.sprintOneCm":1448,"stat.useItem.poppiecraft.Pironnite_ore_N":6,"achievement.exploreAllBiomes":{"value":0,"progress":["Desert"]},"stat.useItem.poppiecraft.Emerald_pickaxe":8}