{"stat.pickup.poppiecraft.Redstone_boots":1,"stat.walkOneCm":11690,"stat.pickup.minecraft.armor_stand":3,"stat.pickup.poppiecraft.Four_leaf_clover":1,"stat.pickup.poppiecraft.Redstone_leggings":1,"stat.leaveGame":2,"stat.furnaceInteraction":3,"stat.pickup.poppiecraft.Coal_boots":1,"stat.useItem.minecraft.armor_stand":3,"stat.pickup.poppiecraft.Glowstone_leggings":1,"stat.pickup.poppiecraft.Glowstone_chestplate":1,"stat.jump":42,"stat.fallOneCm":627,"stat.crouchOneCm":192,"stat.pickup.poppiecraft.Coal_leggings":1,"stat.pickup.poppiecraft.Glowstone_boots":1,"stat.pickup.poppiecraft.Four_leaf_clover_leggings":1,"stat.pickup.poppiecraft.Four_leaf_clover_boots":1,"stat.pickup.poppiecraft.Obsidian_helmet":1,"stat.sprintOneCm":6617,"stat.pickup.poppiecraft.Obsidian_leggings":1,"achievement.exploreAllBiomes":{"value":0,"progress":["Desert"]},"stat.pickup.poppiecraft.Redstone_chestplate":1,"achievement.openInventory":14,"stat.pickup.poppiecraft.Coal_chestplate":1,"stat.pickup.poppiecraft.Obsidian_chestplate":1,"stat.pickup.poppiecraft.Four_leaf_clover_helmet":1,"stat.pickup.poppiecraft.Obsidian_boots":1,"stat.pickup.poppiecraft.Coal_helmet":1,"stat.flyOneCm":15268,"stat.playOneMinute":6914,"stat.pickup.poppiecraft.Four_leaf_clover_chestplate":1,"stat.useItem.minecraft.cooked_beef":2,"stat.sneakTime":138,"stat.timeSinceDeath":6914,"stat.pickup.poppiecraft.Redstone_helmet":1,"stat.pickup.poppiecraft.Glowstone_helmet":1}