{"stat.useItem.minecraft.command_block":17,"stat.pickup.poppiecraft.Molten_carbon_bottle":1,"stat.walkOneCm":53808,"stat.useItem.minecraft.stone_slab":7,"stat.useItem.minecraft.quartz_block":10,"stat.useItem.minecraft.lever":6,"achievement.openInventory":51,"stat.pickup.minecraft.redstone_torch":1,"stat.useItem.minecraft.quartz_stairs":48,"stat.leaveGame":1,"stat.brewingstandInteraction":1,"stat.damageTaken":130,"stat.useItem.minecraft.furnace":2,"stat.useItem.minecraft.dark_oak_stairs":5,"stat.useItem.minecraft.anvil":1,"stat.flyOneCm":37936,"stat.jump":65,"stat.playOneMinute":18163,"stat.pickup.minecraft.coal":54,"stat.useItem.minecraft.planks":34,"stat.useItem.minecraft.cooked_beef":1,"stat.useItem.minecraft.milk_bucket":4,"stat.sneakTime":454,"stat.pickup.minecraft.blaze_powder":62,"stat.crouchOneCm":982,"stat.timeSinceDeath":18163,"stat.useItem.minecraft.stained_hardened_clay":26,"stat.useItem.minecraft.brewing_stand":1,"stat.useItem.minecraft.stone_button":3,"stat.sprintOneCm":11535,"stat.useItem.minecraft.crafting_table":1,"stat.useItem.minecraft.redstone_ore":9,"stat.useItem.minecraft.wooden_slab":1,"achievement.exploreAllBiomes":{"value":0,"progress":["Desert"]}}