{"stat.useItem.poppiecraft.Pironnite_ore_OW":1,"stat.flyOneCm":1112,"stat.walkOneCm":3248,"stat.jump":6,"stat.playOneMinute":3725,"achievement.openInventory":4,"stat.sneakTime":13,"stat.useItem.minecraft.diamond_pickaxe":1,"stat.timeSinceDeath":3725,"stat.useItem.poppiecraft.Ragmarite_ore":3,"stat.sprintOneCm":2945,"stat.useItem.poppiecraft.Mefferite_ore":2,"achievement.exploreAllBiomes":{"value":0,"progress":["Desert"]},"stat.useItem.poppiecraft.Emerald_pickaxe":3,"stat.useItem.poppiecraft.Alzanite_ore":2}