{"stat.pickup.poppiecraft.Basic_soul":5,"stat.walkOneCm":2656,"stat.playOneMinute":895,"stat.useItem.minecraft.wooden_sword":5,"achievement.openInventory":1,"stat.killEntity.MushroomCow":1,"stat.pickup.minecraft.beef":3,"stat.killEntity.Chicken":3,"stat.leaveGame":1,"stat.pickup.minecraft.feather":4,"stat.pickup.minecraft.leather":1,"stat.damageDealt":220,"stat.pickup.minecraft.chicken":3,"stat.timeSinceDeath":895,"stat.mobKills":4,"stat.sprintOneCm":203,"stat.useItem.minecraft.spawn_egg":4,"achievement.exploreAllBiomes":{"value":0,"progress":["Desert"]}}