{"stat.walkOneCm":4617,"stat.killEntity.EntityHorse":1,"achievement.openInventory":13,"stat.itemEnchanted":75,"stat.leaveGame":1,"stat.pickup.minecraft.leather":67,"stat.damageTaken":720,"stat.pickup.poppiecraft.Speed_fragment":1,"stat.mobKills":2,"stat.pickup.poppiecraft.Speedster_flesh":2,"stat.flyOneCm":3122,"stat.deaths":2,"stat.jump":5,"stat.playOneMinute":9868,"stat.sneakTime":13,"stat.pickup.poppiecraft.Speed_element":1,"stat.damageDealt":2260,"stat.crouchOneCm":152,"stat.killEntity.poppiecraft.Speedster":1,"stat.pickup.minecraft.leather_helmet":43,"stat.timeSinceDeath":121,"stat.sprintOneCm":7874,"achievement.exploreAllBiomes":{"value":0,"progress":["Desert"]},"stat.entityKilledBy.poppiecraft.Speedster":2}