{"stat.walkOneCm":1787,"achievement.openInventory":1,"stat.killEntity.Chicken":1,"stat.leaveGame":2,"stat.pickup.minecraft.feather":1,"stat.useItem.poppiecraft.Emerald_sword":2,"stat.mobKills":2,"stat.pickup.poppiecraft.Basic_soul":2,"stat.flyOneCm":132,"stat.jump":1,"stat.playOneMinute":933,"stat.useItem.minecraft.wooden_sword":2,"stat.damageDealt":140,"stat.pickup.minecraft.porkchop":1,"stat.pickup.minecraft.chicken":1,"stat.timeSinceDeath":933,"stat.sprintOneCm":855,"stat.useItem.minecraft.spawn_egg":2,"stat.killEntity.Pig":1,"achievement.exploreAllBiomes":{"value":0,"progress":["Desert"]}}