{"stat.useItem.minecraft.splash_potion":8,"stat.drop.poppiecraft.Lapis_gem":63,"stat.useItem.minecraft.quartz_block":4,"stat.drop.poppiecraft.Glowstone_gem":63,"stat.leaveGame":2,"stat.drop.minecraft.cooked_beef":462,"stat.drop.poppiecraft.Mefferite_ore":63,"stat.drop.poppiecraft.Ragmarite_ore":62,"stat.jump":178,"stat.fallOneCm":1881,"stat.pickup.minecraft.iron_ingot":1,"stat.pickup.minecraft.blaze_powder":63,"stat.crouchOneCm":187,"stat.useItem.minecraft.stone_button":1,"achievement.exploreAllBiomes":{"value":0,"progress":["Desert"]},"stat.mineBlock.poppiecraft.Poppie_block":6,"stat.pickup.minecraft.rotten_flesh":3,"stat.drop.poppiecraft.Quartz_gem":63,"stat.drop.poppiecraft.Alzanite_ore":63,"stat.brewingstandInteraction":1,"stat.damageTaken":1805,"stat.flyOneCm":42544,"stat.pickup.minecraft.quartz_block":1,"stat.useItem.minecraft.cooked_beef":3,"stat.damageDealt":409,"stat.timeSinceDeath":14897,"stat.useItem.poppiecraft.Mefferite_ore":1,"stat.useItem.poppiecraft.Steel_block":1,"stat.useItem.minecraft.command_block":1,"stat.walkOneCm":44735,"stat.pickup.minecraft.brewing_stand":1,"stat.drop.minecraft.rotten_flesh":3,"stat.useItem.poppiecraft.Alzanite_ore":1,"stat.pickup.poppiecraft.Emerald_pickaxe":1,"stat.useItem.poppiecraft.Ragmarite_ore":1,"stat.sprintOneCm":28676,"stat.useItem.poppiecraft.Emerald_pickaxe":8,"stat.pickup.minecraft.cooked_beef":16,"achievement.openInventory":24,"stat.mineBlock.minecraft.quartz_block":1,"stat.mobKills":6,"stat.drop":43,"stat.playOneMinute":14897,"stat.sneakTime":202,"stat.drop.poppiecraft.Redstone_gem":63,"stat.killEntity.Zombie":3,"stat.useItem.minecraft.brewing_stand":1,"stat.drop.minecraft.iron_ingot":1,"stat.pickup.poppiecraft.Poppie_block":6}