{"stat.walkOneCm":3571,"achievement.openInventory":9,"stat.leaveGame":2,"stat.pickup.minecraft.feather":1,"stat.pickup.minecraft.leather":1,"stat.useItem.poppiecraft.Generator_block_basic":3,"stat.flyOneCm":48,"stat.pickup.poppiecraft.Basic_soul":1,"stat.swimOneCm":38,"stat.jump":5,"stat.playOneMinute":5238,"stat.useItem.minecraft.redstone_block":3,"stat.pickup.minecraft.enchanted_book":1,"stat.sneakTime":32,"stat.crouchOneCm":35,"stat.pickup.minecraft.chicken":1,"stat.timeSinceDeath":5238,"stat.useItem.minecraft.dirt":4,"stat.sprintOneCm":439,"stat.pickup.minecraft.experience_bottle":1,"achievement.exploreAllBiomes":{"value":0,"progress":["River","Taiga"]},"stat.pickup.minecraft.cooked_beef":1}