{"stat.pickup.minecraft.ghast_tear":4,"stat.walkOneCm":2484,"stat.leaveGame":2,"stat.craftItem.poppiecraft.Basic_spirit_power":1,"stat.jump":2,"stat.drop.poppiecraft.Broken_basic_spirit_power":1,"stat.craftItem.poppiecraft.Broken_basic_spirit_power":1,"stat.drop.minecraft.planks":64,"stat.sprintOneCm":542,"stat.pickup.poppiecraft.Basic_spirit_power":1,"achievement.exploreAllBiomes":{"value":0,"progress":["Taiga"]},"stat.craftingTableInteraction":6,"stat.craftItem.poppiecraft.Basic_spirit":1,"stat.craftItem.poppiecraft.Broken_advanced_spirit_power":1,"achievement.openInventory":9,"stat.pickup.poppiecraft.Broken_basic_spirit_power":5,"stat.pickup.minecraft.planks":64,"stat.useItem.poppiecraft.Generator_block_basic":1,"stat.flyOneCm":28,"stat.drop":2,"stat.playOneMinute":7309,"stat.pickup.minecraft.emerald_block":1,"stat.pickup.minecraft.diamond_block":1,"stat.timeSinceDeath":7309,"stat.useItem.minecraft.crafting_table":1}