{"stat.chestOpened":4,"stat.leaveGame":2,"stat.useItem.infinitystorage.fluid_interface":1,"stat.craftItem.infinitystorage.solderer":1,"stat.useItem.minecraft.mutton":3,"stat.useItem.infinitystorage.solderer":2,"stat.jump":17,"stat.mineBlock.infinitystorage.cable":6,"stat.crouchOneCm":574,"stat.mineBlock.minecraft.chest":1,"stat.pickup.thermalexpansion.strongbox":1,"stat.pickup.minecraft.dirt":2,"stat.mineBlock.infinitystorage.machine_casing":1,"achievement.exploreAllBiomes":{"value":0,"progress":["Forest"]},"stat.craftingTableInteraction":7,"stat.useItem.infinitystorage.network_transmitter":1,"stat.craftItem.infinitystorage.quartz_enriched_iron":168,"stat.useItem.minecraft.furnace":1,"stat.useItem.infinitystorage.fluid_storage":4,"stat.mineBlock.minecraft.redstone_block":1,"stat.mineBlock.infinitystorage.solderer":1,"stat.pickup.infinitystorage.solderer":1,"stat.flyOneCm":337,"stat.drop.infinitystorage.network_transmitter":63,"stat.craftItem.infinitystorage.machine_casing":1,"stat.useItem.minecraft.cooked_beef":2,"stat.useItem.infinitystorage.grid":4,"stat.craftItem.infinitystorage.silicon":13,"stat.pickup.infinitystorage.silicon":13,"stat.useItem.infinitystorage.storage":5,"stat.timeSinceDeath":26106,"stat.hopperInspected":1,"stat.mineBlock.minecraft.dirt":2,"stat.walkOneCm":18092,"stat.useItem.minecraft.chest":2,"stat.mineBlock.minecraft.hopper":1,"stat.useItem.infinitystorage.cable":10,"stat.useItem.infinitystorage.machine_casing":1,"stat.furnaceInteraction":3,"stat.useItem.infinitystorage.constructor":14,"stat.pickup.infinitystorage.constructor":14,"stat.pickup.infinitystorage.quartz_enriched_iron":64,"stat.pickup.infinitystorage.importer":65,"stat.mineBlock.infinitystorage.importer":1,"stat.pickup.minecraft.redstone_block":65,"stat.drop.poppiecraft.Emerald_pickaxe":1,"stat.useItem.minecraft.redstone_block":1,"stat.pickup.minecraft.furnace":63,"stat.pickup.poppiecraft.Emerald_pickaxe":1,"stat.pickup.minecraft.hopper":1,"stat.mineBlock.infinitystorage.constructor":14,"stat.pickup.infinitystorage.network_transmitter":127,"stat.useItem.infinitystorage.importer":1,"stat.sprintOneCm":3613,"stat.useItem.poppiecraft.Emerald_pickaxe":32,"stat.drop.minecraft.furnace":126,"achievement.openInventory":40,"stat.pickup.infinitystorage.machine_casing":1,"stat.useItem.minecraft.hopper":1,"stat.drop":6,"stat.playOneMinute":26106,"stat.sneakTime":351,"stat.drop.minecraft.redstone_block":128,"stat.pickup.infinitystorage.cable":6,"stat.mineBlock.minecraft.tallgrass":6,"stat.pickup.minecraft.chest":1}