{"stat.flyOneCm":20823,"stat.walkOneCm":2873,"stat.drop.poppiecraft.Steel_nugget":1,"stat.drop":3,"stat.jump":27,"stat.playOneMinute":2457,"achievement.openInventory":5,"stat.leaveGame":1,"stat.sneakTime":233,"stat.killEntity.Spider":1,"stat.damageDealt":79,"stat.drop.poppiecraft.Steel_piece":1,"stat.crouchOneCm":343,"stat.timeSinceDeath":2457,"stat.sprintOneCm":3988,"stat.mobKills":1,"stat.drop.poppiecraft.Steel_ingot":1,"achievement.exploreAllBiomes":{"value":0,"progress":["Desert"]},"stat.useItem.poppiecraft.Steel_block":1}