{"stat.pickup.poppiecraft.Emerald_helmet":1,"stat.pickup.minecraft.rotten_flesh":1,"stat.useItem.minecraft.command_block":1,"stat.pickup.poppiecraft.Redstone_boots":1,"stat.pickup.poppiecraft.Quartz_helmet":1,"stat.walkOneCm":15937,"stat.pickup.poppiecraft.Quartz_leggings":1,"stat.pickup.poppiecraft.Redstone_chestplate":1,"achievement.openInventory":25,"stat.pickup.poppiecraft.Redstone_leggings":1,"stat.leaveGame":1,"stat.useItem.minecraft.wooden_button":1,"stat.pickup.poppiecraft.Quartz_chestplate":1,"stat.pickup.poppiecraft.Lapis_leggings":1,"stat.pickup.minecraft.emerald":64,"stat.mobKills":4,"stat.useItem.minecraft.armor_stand":5,"stat.pickup.poppiecraft.Glowstone_leggings":1,"stat.useItem.minecraft.diamond_sword":15,"stat.pickup.poppiecraft.Lapis_boots":1,"stat.flyOneCm":1757,"stat.pickup.poppiecraft.Emerald_chestplate":1,"stat.pickup.poppiecraft.Glowstone_chestplate":1,"stat.jump":20,"stat.playOneMinute":7950,"stat.pickup.poppiecraft.Emerald_leggings":1,"stat.useItem.minecraft.planks":36,"stat.useItem.minecraft.item_frame":9,"stat.pickup.poppiecraft.Emerald_boots":1,"stat.sneakTime":106,"stat.pickup.poppiecraft.Quartz_boots":1,"stat.damageDealt":761,"stat.pickup.poppiecraft.Lapis_helmet":1,"stat.crouchOneCm":326,"stat.killEntity.Zombie":4,"stat.timeSinceDeath":7950,"stat.useItem.minecraft.stained_hardened_clay":5,"stat.pickup.poppiecraft.Glowstone_boots":1,"stat.sprintOneCm":4647,"achievement.exploreAllBiomes":{"value":0,"progress":["Desert"]},"stat.pickup.poppiecraft.Lapis_chestplate":1,"stat.pickup.poppiecraft.Redstone_helmet":1,"stat.pickup.poppiecraft.Glowstone_helmet":1,"stat.craftingTableInteraction":2}