{"stat.pickup.poppiecraft.Redstone_boots":1,"stat.walkOneCm":11286,"stat.pickup.minecraft.armor_stand":3,"stat.pickup.poppiecraft.Redstone_chestplate":1,"achievement.openInventory":13,"stat.pickup.poppiecraft.Four_leaf_clover":1,"stat.pickup.poppiecraft.Coal_chestplate":1,"stat.pickup.poppiecraft.Obsidian_chestplate":1,"stat.pickup.poppiecraft.Redstone_leggings":1,"stat.leaveGame":1,"stat.furnaceInteraction":2,"stat.pickup.poppiecraft.Coal_boots":1,"stat.pickup.poppiecraft.Four_leaf_clover_helmet":1,"stat.useItem.minecraft.armor_stand":3,"stat.pickup.poppiecraft.Obsidian_boots":1,"stat.pickup.poppiecraft.Glowstone_leggings":1,"stat.pickup.poppiecraft.Coal_helmet":1,"stat.flyOneCm":14991,"stat.pickup.poppiecraft.Glowstone_chestplate":1,"stat.jump":41,"stat.playOneMinute":6344,"stat.pickup.poppiecraft.Four_leaf_clover_chestplate":1,"stat.fallOneCm":627,"stat.useItem.minecraft.cooked_beef":2,"stat.sneakTime":138,"stat.crouchOneCm":192,"stat.timeSinceDeath":6344,"stat.pickup.poppiecraft.Coal_leggings":1,"stat.pickup.poppiecraft.Glowstone_boots":1,"stat.pickup.poppiecraft.Four_leaf_clover_leggings":1,"stat.pickup.poppiecraft.Four_leaf_clover_boots":1,"stat.pickup.poppiecraft.Obsidian_helmet":1,"stat.sprintOneCm":6354,"stat.pickup.poppiecraft.Obsidian_leggings":1,"achievement.exploreAllBiomes":{"value":0,"progress":["Desert"]},"stat.pickup.poppiecraft.Redstone_helmet":1,"stat.pickup.poppiecraft.Glowstone_helmet":1}