{"stat.mineBlock.poppiecraft.Poppie_block":1,"stat.walkOneCm":35886,"stat.useItem.minecraft.lever":9,"stat.pickup.minecraft.comparator":6,"achievement.openInventory":17,"stat.pickup.minecraft.repeater":6,"stat.useItem.minecraft.repeater":8,"stat.leaveGame":2,"stat.useItem.minecraft.iron_block":9,"stat.useItem.minecraft.comparator":7,"stat.pickup.poppiecraft.Pironnite_block":8,"stat.mineBlock.poppiecraft.Pironnite_block":8,"stat.useItem.poppiecraft.Generator_block":12,"stat.mineBlock.minecraft.redstone_block":1,"stat.pickup.minecraft.redstone_block":1,"stat.drop.poppiecraft.Poppie_block":64,"stat.flyOneCm":1652,"stat.pickup.minecraft.lever":6,"stat.drop":3,"stat.jump":31,"stat.playOneMinute":9451,"stat.useItem.poppiecraft.Poppie_block":1,"stat.useItem.minecraft.redstone_block":1,"stat.useItem.minecraft.redstone":25,"stat.sneakTime":43,"stat.pickup.poppiecraft.Emerald_pickaxe":1,"stat.pickup.minecraft.redstone":20,"stat.drop.poppiecraft.Pironnite_ingot":64,"stat.pickup.minecraft.iron_block":1,"stat.crouchOneCm":138,"stat.timeSinceDeath":9451,"stat.useItem.poppiecraft.Pironnite_block":19,"stat.mineBlock.minecraft.lever":6,"stat.sprintOneCm":10451,"achievement.exploreAllBiomes":{"value":0,"progress":["Desert"]},"stat.useItem.poppiecraft.Emerald_pickaxe":11,"stat.mineBlock.minecraft.iron_block":1,"stat.pickup.poppiecraft.Poppie_block":1}