{"stat.flyOneCm":708,"stat.deaths":1,"stat.walkOneCm":120,"stat.jump":2,"stat.playOneMinute":2505,"achievement.openInventory":10,"stat.pickup.poppiecraft.Coal_chestplate":1,"stat.useItem.minecraft.milk_bucket":1,"stat.leaveGame":1,"stat.damageTaken":199,"stat.pickup.minecraft.bucket":1,"stat.timeSinceDeath":522,"stat.pickup.poppiecraft.Coal_leggings":1,"stat.sprintOneCm":2341,"stat.pickup.poppiecraft.Coal_boots":1,"achievement.exploreAllBiomes":{"value":0,"progress":["Desert"]},"stat.pickup.minecraft.cooked_beef":49}