{"stat.flyOneCm":2018,"stat.walkOneCm":1968,"stat.jump":9,"stat.playOneMinute":7126,"achievement.openInventory":5,"stat.leaveGame":1,"stat.sneakTime":19,"stat.damageDealt":240,"stat.pickup.spawnercraft.mobEssence":2,"stat.pickup.minecraft.iron_block":8,"stat.crouchOneCm":5,"stat.killEntity.Wolf":1,"stat.timeSinceDeath":7126,"stat.killEntity.Endermite":2,"stat.pickup.minecraft.iron_bars":24,"stat.useItem.poppiecraft.Emerald_sword":1,"stat.sprintOneCm":3638,"stat.useItem.minecraft.crafting_table":3,"stat.mobKills":3,"stat.useItem.minecraft.spawn_egg":3,"achievement.exploreAllBiomes":{"value":0,"progress":["Forest"]},"stat.useItem.spawnercraft.mobRod":2,"stat.craftingTableInteraction":4}