{"stat.flyOneCm":1352,"stat.walkOneCm":1991,"stat.jump":13,"stat.playOneMinute":1712,"achievement.openInventory":2,"stat.pickup.minecraft.beef":8,"stat.killEntity.Chicken":1,"stat.leaveGame":1,"stat.pickup.minecraft.leather":6,"stat.pickup.minecraft.feather":1,"stat.damageDealt":540,"stat.pickup.minecraft.chicken":1,"stat.timeSinceDeath":1712,"stat.useItem.poppiecraft.Emerald_sword":7,"stat.killEntity.Cow":5,"stat.sprintOneCm":4505,"stat.mobKills":6,"achievement.exploreAllBiomes":{"value":0,"progress":["Beach","Forest","Plains"]}}