{"stat.walkOneCm":19824,"stat.killEntity.EntityHorse":5,"achievement.openInventory":33,"stat.useItem.spawnercraft.mobSpirit":8,"stat.killEntity.Chicken":20,"stat.leaveGame":1,"stat.pickup.minecraft.leather":11,"stat.pickup.minecraft.feather":14,"stat.killEntity.Wolf":4,"stat.killEntity.Endermite":1,"stat.killEntity.Ozelot":3,"stat.useItem.poppiecraft.Emerald_sword":26,"stat.mobKills":45,"stat.craftItem.spawnercraft.mobAgglomeration":5,"stat.flyOneCm":24485,"stat.jump":101,"stat.playOneMinute":337109,"stat.fallOneCm":1463,"stat.pickup.minecraft.beef":13,"stat.killEntity.Sheep":6,"stat.useItem.spawnercraft.mobCage":8,"stat.sneakTime":22,"stat.pickup.minecraft.wool":6,"stat.damageDealt":3762,"stat.pickup.spawnercraft.mobEssence":28,"stat.craftItem.spawnercraft.mobRod":1,"stat.pickup.minecraft.chicken":19,"stat.crouchOneCm":85,"stat.timeSinceDeath":337109,"stat.killEntity.Cow":6,"stat.craftItem.spawnercraft.mobSpirit":1,"stat.sprintOneCm":30812,"stat.useItem.minecraft.crafting_table":1,"stat.useItem.minecraft.spawn_egg":24,"achievement.exploreAllBiomes":{"value":0,"progress":["Beach","Forest","Plains"]},"stat.useItem.spawnercraft.mobRod":29,"stat.pickup.minecraft.mutton":11,"stat.craftingTableInteraction":1}