{"stat.flyOneCm":854,"stat.walkOneCm":16785,"stat.jump":6,"stat.playOneMinute":4686,"achievement.openInventory":13,"stat.useItem.minecraft.milk_bucket":2,"stat.leaveGame":1,"stat.sneakTime":37,"stat.damageTaken":695,"stat.damageDealt":1423,"stat.crouchOneCm":22,"stat.killEntity.poppiecraft.Speedster":1,"stat.timeSinceDeath":4686,"stat.pickup.poppiecraft.Speed_fragment":1,"stat.useItem.poppiecraft.Emerald_sword":8,"stat.sprintOneCm":901,"stat.mobKills":1,"stat.useItem.poppiecraft.Darker_flesh":2,"achievement.exploreAllBiomes":{"value":0,"progress":["Forest"]},"stat.pickup.poppiecraft.Speedster_flesh":2}