{"stat.flyOneCm":1188,"stat.walkOneCm":4064,"stat.jump":13,"stat.playOneMinute":1029,"stat.fallOneCm":267,"achievement.openInventory":1,"stat.leaveGame":1,"stat.useItem.minecraft.yellow_flower":1,"stat.damageTaken":21,"stat.damageDealt":1150,"stat.timeSinceDeath":1029,"stat.useItem.poppiecraft.Emerald_sword":10,"stat.pickup.poppiecraft.Darker_flesh":2,"stat.sprintOneCm":629,"stat.mobKills":1,"achievement.exploreAllBiomes":{"value":0,"progress":["Forest"]},"stat.pickup.poppiecraft.Darkness_fragment":1}