{"stat.pickup.minecraft.double_plant":1,"stat.flyOneCm":575,"stat.walkOneCm":9364,"stat.jump":5,"stat.playOneMinute":581,"achievement.openInventory":4,"stat.leaveGame":1,"stat.damageDealt":1151,"stat.mineBlock.minecraft.yellow_flower":1,"stat.timeSinceDeath":581,"stat.mineBlock.minecraft.double_plant":1,"stat.useItem.poppiecraft.Emerald_sword":11,"stat.pickup.minecraft.yellow_flower":1,"stat.pickup.poppiecraft.Darker_flesh":2,"stat.sprintOneCm":1759,"stat.mobKills":1,"achievement.exploreAllBiomes":{"value":0,"progress":["Forest"]},"stat.pickup.poppiecraft.Darkness_fragment":1}