{"stat.pickup.poppiecraft.Emerald_helmet":3,"stat.walkOneCm":13240,"stat.pickup.minecraft.milk_bucket":1,"achievement.openInventory":5,"stat.leaveGame":1,"stat.damageTaken":6930,"stat.pickup.poppiecraft.Speed_fragment":2,"stat.useItem.poppiecraft.Emerald_sword":9,"stat.pickup.poppiecraft.Speedster_flesh":6,"stat.pickup.poppiecraft.Emerald_sword":2,"stat.flyOneCm":79964,"stat.deaths":6,"stat.jump":11,"stat.playOneMinute":3039,"stat.fallOneCm":46194,"stat.pickup.poppiecraft.Emerald_leggings":2,"stat.pickup.poppiecraft.Emerald_boots":2,"stat.sneakTime":82,"stat.damageDealt":634,"stat.crouchOneCm":103,"stat.timeSinceDeath":950,"stat.pickup.poppiecraft.Darker_flesh":4,"stat.sprintOneCm":6263,"achievement.exploreAllBiomes":{"value":0,"progress":["ForestHills","Forest","River","Taiga","TaigaHills"]},"stat.pickup.poppiecraft.Darkness_fragment":12}