{"stat.craftItem.poppiecraft.Lapis_shovel":1,"stat.walkOneCm":16314,"achievement.openInventory":27,"stat.craftItem.poppiecraft.Redstone_sword":1,"stat.craftItem.poppiecraft.Lapis_axe":1,"stat.craftItem.poppiecraft.Redstone_leggings":1,"stat.craftItem.poppiecraft.Redstone_shovel":1,"stat.craftItem.poppiecraft.Lapis_helmet":1,"stat.leaveGame":1,"stat.craftItem.poppiecraft.Lapis_chestplate":1,"stat.craftItem.poppiecraft.Redstone_pickaxe":1,"stat.craftItem.poppiecraft.Lapis_pickaxe":1,"stat.craftItem.poppiecraft.Lapis_hoe":1,"stat.craftItem.poppiecraft.Redstone_axe":1,"stat.craftItem.poppiecraft.Lapis_sword":1,"stat.flyOneCm":315,"stat.jump":27,"stat.craftItem.poppiecraft.Lapis_leggings":1,"stat.playOneMinute":9172,"stat.useItem.minecraft.item_frame":32,"stat.craftItem.poppiecraft.Redstone_hoe":1,"stat.craftItem.poppiecraft.Redstone_chestplate":1,"stat.craftItem.poppiecraft.Lapis_boots":1,"stat.craftItem.poppiecraft.Redstone_helmet":1,"stat.timeSinceDeath":9172,"stat.useItem.minecraft.stained_hardened_clay":28,"stat.sprintOneCm":1838,"achievement.exploreAllBiomes":{"value":0,"progress":["Desert"]},"stat.craftItem.poppiecraft.Redstone_boots":1,"stat.craftingTableInteraction":4}