{"stat.mineBlock.poppiecraft.Poppie_block":1,"stat.pickup.minecraft.rotten_flesh":2,"stat.pickup.poppiecraft.Redstone_boots":1,"stat.walkOneCm":6351,"stat.pickup.poppiecraft.Redstone_chestplate":1,"stat.pickup.poppiecraft.Redstone_gem":1,"achievement.openInventory":3,"stat.pickup.poppiecraft.Redstone_leggings":1,"stat.leaveGame":1,"stat.damageTaken":72,"stat.useItem.poppiecraft.Emerald_sword":3,"stat.mobKills":1,"stat.pickup.poppiecraft.Emerald_sword":1,"stat.flyOneCm":3422,"stat.jump":8,"stat.useItem.poppiecraft.Poppie_block":1,"stat.playOneMinute":3749,"stat.fallOneCm":209,"stat.sneakTime":2,"stat.damageDealt":200,"stat.killEntity.Zombie":1,"stat.timeSinceDeath":3749,"stat.sprintOneCm":2509,"achievement.exploreAllBiomes":{"value":0,"progress":["Desert"]},"stat.useItem.poppiecraft.Emerald_pickaxe":2,"stat.pickup.poppiecraft.Redstone_helmet":1,"stat.pickup.poppiecraft.Poppie_block":1}