{"stat.pickup.minecraft.iron_leggings":1,"stat.pickup.minecraft.diamond_leggings":1,"stat.pickup.minecraft.rotten_flesh":4,"stat.flyOneCm":398,"stat.walkOneCm":3478,"stat.playOneMinute":1459,"stat.pickup.minecraft.iron_helmet":1,"achievement.openInventory":8,"stat.leaveGame":1,"stat.pickup.minecraft.diamond_helmet":1,"stat.damageTaken":68,"stat.damageDealt":490,"stat.killEntity.Zombie":3,"stat.timeSinceDeath":1459,"stat.sprintOneCm":1059,"stat.pickup.minecraft.diamond_chestplate":1,"stat.mobKills":3,"stat.pickup.minecraft.iron_chestplate":1,"stat.pickup.minecraft.diamond_boots":1,"achievement.exploreAllBiomes":{"value":0,"progress":["Desert"]},"stat.pickup.minecraft.iron_boots":1,"stat.useItem.minecraft.diamond_sword":11}