{"stat.walkOneCm":2903,"stat.pickup.poppiecraft.Carboningot":1,"stat.jump":1,"stat.playOneMinute":1149,"achievement.openInventory":1,"stat.useItem.minecraft.stone_pickaxe":1,"stat.leaveGame":1,"stat.useItem.poppiecraft.Carbonore":9,"stat.mineBlock.poppiecraft.Carbonore":4,"stat.timeSinceDeath":1149,"stat.useItem.minecraft.wooden_pickaxe":1,"stat.sprintOneCm":164,"stat.useItem.minecraft.iron_pickaxe":2,"achievement.exploreAllBiomes":{"value":0,"progress":["Desert"]},"stat.pickup.poppiecraft.Carbonore":4}